Div,Date,Time,HomeTeam,AwayTeam,FTHG,FTAG,FTR,HTHG,HTAG,HTR,HS,AS,HST,AST,HF,AF,HC,AC,HY,AY,HR,AR,B365H,B365D,B365A,BWH,BWD,BWA,IWH,IWD,IWA,PSH,PSD,PSA,WHH,WHD,WHA,VCH,VCD,VCA,MaxH,MaxD,MaxA,AvgH,AvgD,AvgA,B365>2.5,B365<2.5,P>2.5,P<2.5,Max>2.5,Max<2.5,Avg>2.5,Avg<2.5,AHh,B365AHH,B365AHA,PAHH,PAHA,MaxAHH,MaxAHA,AvgAHH,AvgAHA,B365CH,B365CD,B365CA,BWCH,BWCD,BWCA,IWCH,IWCD,IWCA,PSCH,PSCD,PSCA,WHCH,WHCD,WHCA,VCCH,VCCD,VCCA,MaxCH,MaxCD,MaxCA,AvgCH,AvgCD,AvgCA,B365C>2.5,B365C<2.5,PC>2.5,PC<2.5,MaxC>2.5,MaxC<2.5,AvgC>2.5,AvgC<2.5,AHCh,B365CAHH,B365CAHA,PCAHH,PCAHA,MaxCAHH,MaxCAHA,AvgCAHH,AvgCAHA
SP1,11/08/2023,18:30,Almeria,Vallecano,0,2,A,0,2,A,19,10,5,4,16,25,8,3,1,3,0,0,2.45,3.3,2.9,2.5,3.2,2.87,2.55,3.25,2.85,2.62,3.3,2.96,2.4,3,2.7,2.55,3.25,2.88,2.63,3.44,3.04,2.54,3.26,2.92,2.1,1.73,2.19,1.75,2.23,1.77,2.15,1.72,0,1.84,2.09,1.85,2.09,1.85,2.09,1.82,2.06,2.63,3.2,2.75,2.6,3.1,2.8,2.6,3.15,2.85,2.66,3.25,2.96,2.4,3,2.7,2.63,3.2,2.8,2.8,3.28,3.03,2.64,3.16,2.85,2.2,1.67,2.32,1.67,2.37,1.71,2.27,1.64,0,1.85,2.08,1.86,2.07,1.91,2.09,1.86,2.01
SP1,11/08/2023,21:00,Sevilla,Valencia,1,2,A,0,0,D,9,10,3,3,15,17,8,1,3,2,1,0,1.91,3.5,4.2,1.93,3.3,4.2,1.9,3.4,4.3,1.95,3.47,4.48,1.8,3.1,4,1.91,3.4,4.33,1.98,3.54,4.5,1.93,3.4,4.33,2.2,1.67,2.35,1.66,2.36,1.7,2.29,1.64,-0.5,1.95,1.98,1.95,1.97,1.96,1.99,1.93,1.93,1.91,3.4,4.33,1.93,3.25,4.33,1.9,3.4,4.3,1.94,3.46,4.58,1.85,3.1,3.8,1.91,3.3,4.5,1.96,3.5,4.74,1.93,3.36,4.4,2.3,1.62,2.36,1.65,2.45,1.69,2.34,1.61,-0.5,1.94,1.99,1.94,1.98,1.96,2,1.93,1.94
SP1,12/08/2023,16:00,Sociedad,Girona,1,1,D,1,0,H,15,6,2,1,22,9,4,1,2,5,0,0,1.62,4,5.25,1.6,3.9,5.75,1.63,3.95,5.5,1.65,4.05,5.66,1.5,3.6,5.5,1.62,4,5.5,1.68,4.14,6,1.63,3.97,5.58,1.95,1.95,1.94,1.94,1.98,1.97,1.9,1.92,-1,2.05,1.75,2.13,1.79,2.14,1.83,2.09,1.78,1.8,3.6,4.33,1.82,3.5,4.5,1.83,3.55,4.6,1.85,3.6,4.91,1.75,3.2,4.2,1.8,3.6,4.6,1.88,3.8,5.3,1.81,3.56,4.76,2.1,1.73,2.2,1.74,2.21,1.81,2.15,1.72,-0.75,2.05,1.75,2.1,1.82,2.14,1.9,2.04,1.82
SP1,12/08/2023,18:30,Las Palmas,Mallorca,1,1,D,1,0,H,5,12,2,2,11,21,3,6,3,2,0,0,2.4,3,3.3,2.4,3,3.2,2.45,3,3.2,2.45,3.02,3.46,2.3,2.8,3,2.45,3,3.25,2.5,3.15,3.47,2.44,3,3.31,2.75,1.44,2.77,1.49,2.77,1.51,2.7,1.47,-0.25,2.06,1.84,2.06,1.85,2.11,1.89,2.04,1.82,2.55,2.9,3.1,2.45,2.87,3.3,2.55,2.9,3.2,2.64,2.93,3.32,2.45,2.62,3,2.55,2.88,3.2,2.76,2.98,3.4,2.58,2.88,3.22,3.2,1.36,3.14,1.41,3.2,1.44,2.99,1.4,-0.25,2.18,1.77,2.2,1.77,2.21,1.79,2.15,1.75
SP1,12/08/2023,20:30,Ath Bilbao,Real Madrid,0,2,A,0,2,A,7,14,1,8,18,6,7,5,3,1,0,0,3.3,3.5,2.15,3.4,3.5,2.05,3.3,3.5,2.15,3.43,3.58,2.19,3.2,3.2,2,3.3,3.5,2.15,3.6,3.65,2.22,3.4,3.52,2.15,1.87,2.03,1.87,2.03,1.93,2.06,1.85,1.99,0.25,2.02,1.88,2.02,1.89,2.03,1.9,1.99,1.85,3.25,3.4,2.2,3.2,3.4,2.2,3.25,3.45,2.2,3.44,3.5,2.24,2.88,3.1,2.2,3.3,3.4,2.2,3.7,3.64,2.29,3.31,3.43,2.23,1.97,1.93,1.95,1.95,2.04,2.03,1.94,1.89,0.25,1.99,1.94,1.99,1.93,2.1,1.96,1.95,1.9
SP1,13/08/2023,16:00,Celta,Osasuna,0,2,A,0,1,A,11,11,1,5,11,15,7,2,1,1,0,0,2.05,3.2,3.9,2.05,3.25,3.7,2.15,3.25,3.65,2.15,3.19,3.99,2,3,3.4,2.1,3.25,3.75,2.2,3.44,3.99,2.12,3.23,3.8,2.3,1.62,2.41,1.62,2.44,1.66,2.36,1.6,-0.25,1.81,2.09,1.83,2.1,1.85,2.14,1.8,2.06,2.1,3.2,3.8,2.1,3.1,3.8,2.1,3.2,3.8,2.16,3.22,4.02,1.91,3,3.7,2.1,3.2,3.8,2.19,3.3,4.2,2.11,3.18,3.86,2.38,1.57,2.47,1.6,2.58,1.63,2.42,1.57,-0.25,1.82,2.08,1.83,2.11,1.86,2.14,1.8,2.06
SP1,13/08/2023,18:30,Villarreal,Betis,1,2,A,0,1,A,18,12,5,5,13,17,9,4,1,3,0,0,1.75,4,4.2,1.73,3.9,4.5,1.77,3.9,4.3,1.81,3.98,4.43,1.62,3.7,4.2,1.75,3.9,4.5,1.83,4.1,4.7,1.77,3.93,4.4,1.73,2.1,1.75,2.17,1.78,2.21,1.72,2.15,-0.75,2.01,1.89,2.04,1.87,2.04,1.92,1.98,1.87,1.7,4,4.5,1.72,3.9,4.6,1.8,3.8,4.3,1.75,4.1,4.79,1.65,3.5,4.33,1.73,3.9,4.75,1.8,4.2,4.9,1.73,3.95,4.67,1.73,2.1,1.76,2.16,1.78,2.23,1.73,2.13,-0.75,1.94,1.96,1.96,1.96,1.96,1.98,1.92,1.93
SP1,13/08/2023,20:30,Getafe,Barcelona,0,0,D,0,0,D,5,14,2,4,20,11,3,4,8,2,1,1,6.5,3.8,1.57,6,4,1.57,6.25,3.95,1.57,6.69,4.04,1.57,5.8,3.7,1.44,6.5,4,1.55,6.7,4.2,1.61,6.35,3.99,1.57,2.1,1.73,2.09,1.8,2.12,1.86,2.08,1.77,1,1.87,2.03,1.87,2.05,1.91,2.06,1.85,2.01,6.5,4,1.55,6.5,3.9,1.55,6.5,3.95,1.55,7.46,4.04,1.55,5.5,3.6,1.5,7,3.9,1.53,7.5,4.2,1.57,7.01,3.97,1.54,2.2,1.67,2.33,1.68,2.38,1.76,2.23,1.68,1,1.89,2.01,1.93,1.99,1.98,2.04,1.9,1.96
SP1,14/08/2023,18:30,Cadiz,Alaves,1,0,H,1,0,H,12,10,3,2,19,15,2,4,3,2,1,0,2.2,3,3.75,2.15,3.1,3.8,2.2,3.05,3.7,2.25,3.08,3.86,2,2.88,3.6,2.1,3,3.6,2.26,3.23,4,2.19,3.06,3.79,2.75,1.44,2.75,1.49,2.75,1.51,2.63,1.48,-0.25,1.88,2.02,1.89,2.01,1.9,2.05,1.85,1.99,2.25,3,3.75,2.25,2.9,3.7,2.35,2.8,3.65,2.33,2.96,3.91,2.1,2.8,3.4,2.25,3,3.7,2.35,3.1,3.95,2.27,2.92,3.73,3,1.4,3.1,1.41,3.1,1.47,2.86,1.41,-0.25,1.96,1.97,1.94,1.98,1.96,1.99,1.9,1.93
SP1,14/08/2023,20:30,Ath Madrid,Granada,3,1,H,1,0,H,14,7,6,4,15,9,3,3,3,1,0,0,1.3,5.5,9.5,1.3,5.5,10.5,1.33,5.5,9.5,1.31,5.76,10.3,1.22,4.8,9.5,1.29,5,9.5,1.33,6,11.2,1.3,5.49,10.27,1.67,2.2,1.7,2.25,1.73,2.3,1.68,2.2,-1.5,1.93,1.97,1.93,1.97,1.96,2,1.91,1.94,1.33,5.25,8.5,1.31,5.5,9,1.33,5.5,8.75,1.31,5.9,10.5,1.25,5,8,1.3,5.5,10,1.36,6,11,1.32,5.46,9.45,1.62,2.3,1.65,2.35,1.74,2.38,1.64,2.28,-1.5,1.98,1.95,1.96,1.96,2,1.99,1.94,1.91
SP1,18/08/2023,18:30,Mallorca,Villarreal,0,1,A,0,0,D,8,15,1,3,12,11,6,5,2,4,0,0,2.8,3.2,2.6,2.87,3.1,2.55,2.8,3.15,2.65,3.04,3.13,2.68,2.75,2.88,2.45,2.9,3.2,2.55,3.1,3.25,2.71,2.95,3.11,2.63,2.3,1.62,2.43,1.62,2.48,1.64,2.38,1.6,0,2.1,1.83,2.1,1.84,2.12,1.86,2.06,1.83,2.7,3.2,2.7,2.7,3.2,2.7,2.7,3.25,2.7,2.82,3.19,2.82,2.75,2.88,2.45,2.7,3.2,2.7,2.82,3.4,2.85,2.72,3.22,2.72,2.2,1.67,2.31,1.68,2.31,1.81,2.16,1.7,0,1.96,1.97,1.96,1.96,1.97,1.98,1.92,1.93
SP1,18/08/2023,20:30,Valencia,Las Palmas,1,0,H,0,0,D,9,7,4,1,12,6,6,4,0,0,0,0,1.57,3.9,6,1.58,3.9,6,1.63,3.75,5.75,1.61,4.02,6.49,1.53,3.5,5.5,1.55,4,6.5,1.65,4.1,6.6,1.59,3.94,6.28,2.1,1.73,2.19,1.75,2.25,1.79,2.15,1.73,-1,2.07,1.86,2.08,1.85,2.1,1.88,2.05,1.82,1.6,3.8,6,1.6,3.9,5.75,1.63,3.75,6,1.63,3.95,6.33,1.44,3.7,5.8,1.57,3.9,6.5,1.65,4.05,7.5,1.59,3.89,6.28,2.1,1.73,2.19,1.75,2.25,1.79,2.15,1.72,-1,2.13,1.81,2.12,1.83,2.14,1.89,2.06,1.82
SP1,19/08/2023,16:00,Sociedad,Celta,1,1,D,1,0,H,11,17,2,6,12,12,9,7,2,1,0,0,1.73,3.4,5.5,1.75,3.5,5,1.75,3.5,5.25,1.76,3.54,5.57,1.67,3.25,4.5,1.75,3.5,5.25,1.83,3.64,5.6,1.76,3.5,5.24,2.38,1.57,2.47,1.59,2.5,1.64,2.4,1.58,-0.75,2.02,1.88,2.01,1.9,2.05,1.9,2,1.85,1.7,3.4,6,1.7,3.4,5.75,1.7,3.45,5.75,1.69,3.62,6.38,1.65,3.1,5,1.65,3.6,6,1.73,3.75,6.5,1.69,3.49,5.93,2.5,1.53,2.59,1.56,2.63,1.61,2.49,1.54,-0.75,1.92,2.01,1.91,2.02,2,2.06,1.89,1.96
SP1,19/08/2023,18:30,Almeria,Real Madrid,1,3,A,1,1,D,20,24,8,9,10,13,4,5,1,0,0,0,8,4.75,1.4,7.75,4.8,1.39,7.75,4.9,1.4,8.15,5.11,1.4,7.5,4.4,1.3,8.5,5,1.36,8.5,5.3,1.43,8,5.01,1.39,1.62,2.3,1.64,2.36,1.69,2.41,1.63,2.32,1.25,2.04,1.86,2.04,1.87,2.07,1.9,2.01,1.84,7,5,1.4,6.25,5,1.44,6.5,5.25,1.43,6.87,5.24,1.44,7.5,4.75,1.29,7,5.25,1.4,7.8,5.5,1.45,6.97,5.15,1.42,1.44,2.75,1.44,2.95,1.46,2.95,1.43,2.82,1.25,1.97,1.96,1.98,1.94,2.1,1.96,1.98,1.87
SP1,19/08/2023,20:30,Osasuna,Ath Bilbao,0,2,A,0,2,A,18,8,7,2,9,14,5,3,1,5,1,1,2.9,3,2.63,2.75,3.1,2.65,2.8,3.05,2.75,2.89,3.1,2.79,2.6,2.9,2.5,2.8,3.1,2.7,2.95,3.29,2.8,2.83,3.11,2.71,2.38,1.57,2.47,1.59,2.49,1.63,2.39,1.59,0,1.99,1.91,1.99,1.92,2,1.93,1.97,1.89,2.8,2.9,2.8,2.85,2.95,2.7,2.85,2.95,2.75,2.96,3.01,2.85,2.8,2.88,2.4,2.8,3,2.75,3.06,3.1,2.85,2.89,2.98,2.76,2.63,1.5,2.69,1.52,2.72,1.58,2.59,1.51,0,1.97,1.96,2,1.93,2.02,1.96,1.98,1.89
SP1,20/08/2023,18:00,Girona,Getafe,3,0,H,1,0,H,7,9,6,2,11,20,3,2,2,5,0,0,2.05,3.1,4,2.05,3.1,4,2.05,3.15,4,2.06,3.22,4.31,2,2.9,3.6,2.05,3.2,4.1,2.1,3.37,4.4,2.05,3.18,4.15,2.63,1.5,2.66,1.52,2.7,1.55,2.59,1.5,-0.5,2.05,1.85,2.06,1.85,2.07,1.87,2.04,1.83,1.95,3.25,4.75,1.93,3.1,4.6,1.95,3.15,4.6,1.98,3.21,4.84,1.85,2.88,4.2,1.95,3.13,4.6,2.02,3.25,5,1.95,3.18,4.63,2.63,1.5,2.8,1.49,2.8,1.58,2.66,1.48,-0.5,1.98,1.95,1.98,1.94,2.02,1.97,1.95,1.91
SP1,20/08/2023,18:30,Barcelona,Cadiz,2,0,H,0,0,D,23,10,10,1,9,22,10,2,4,3,0,0,1.2,7,13,1.21,6.5,14.5,1.25,6.25,13,1.21,6.9,14.96,1.17,5.8,11,1.2,6.5,15,1.25,7.5,17,1.21,6.7,14.64,1.57,2.38,1.6,2.4,1.65,2.47,1.59,2.39,-1.75,1.84,2.06,1.85,2.05,1.9,2.08,1.83,2.02,1.29,5.75,10,1.26,6,11.5,1.25,6.25,12,1.26,6.32,12.21,1.17,5.8,11,1.25,6,12,1.29,6.5,14,1.25,6.03,12.26,1.67,2.2,1.68,2.28,1.74,2.45,1.65,2.24,-1.75,2.05,1.75,2.06,1.85,2.13,1.92,2,1.84
SP1,20/08/2023,20:30,Betis,Ath Madrid,0,0,D,0,0,D,14,5,0,1,10,8,2,7,2,1,0,0,3.8,3.4,2,3.8,3.4,2,3.8,3.4,2.05,3.93,3.57,2.02,3.5,3.2,1.91,4,3.3,2,4,3.68,2.08,3.86,3.45,2.03,2.1,1.73,2.15,1.76,2.22,1.81,2.14,1.73,0.5,1.87,2.03,1.88,2.02,1.89,2.06,1.84,2.02,3.75,3.4,2,3.6,3.5,2,3.8,3.45,2,3.86,3.53,2.08,3.5,3.2,1.91,3.7,3.5,2,4.19,3.6,2.15,3.76,3.48,2.05,1.99,1.91,1.99,1.92,2.14,2.03,2,1.83,0.5,1.84,2.09,1.85,2.08,1.87,2.11,1.82,2.05
SP1,21/08/2023,18:00,Alaves,Sevilla,4,3,H,2,2,D,14,12,7,2,14,13,4,4,1,2,0,0,3.3,3.1,2.35,3.25,3,2.37,3.25,3.05,2.4,3.45,3.1,2.41,3.1,2.8,2.25,3.13,3,2.3,3.55,3.23,2.45,3.32,3.06,2.4,2.63,1.5,2.72,1.5,2.72,1.52,2.61,1.49,0.25,1.86,2.04,1.88,2.03,1.88,2.08,1.83,2,3.25,3,2.38,3.3,3,2.35,3.4,3.05,2.3,3.4,3.08,2.48,3.3,2.8,2.15,3.25,3.1,2.38,3.64,3.2,2.56,3.4,3.06,2.37,2.63,1.5,2.69,1.52,2.69,1.56,2.58,1.51,0.25,1.82,2.11,1.85,2.09,1.9,2.14,1.85,2.01
SP1,21/08/2023,20:30,Granada,Vallecano,0,2,A,0,0,D,14,17,7,9,14,11,5,6,2,1,1,0,2.75,3,2.8,2.6,3.1,2.85,2.65,3.05,2.85,2.68,3.09,3.03,2.45,2.88,2.7,2.5,3.1,2.75,2.75,3.26,3.1,2.65,3.08,2.92,2.38,1.57,2.46,1.59,2.51,1.63,2.38,1.58,0,1.83,2.07,1.84,2.08,1.86,2.08,1.82,2.04,2.88,3.1,2.63,2.85,3,2.65,2.85,3.05,2.7,2.94,3.15,2.74,2.62,2.88,2.5,2.7,3.1,2.8,3.12,3.2,2.94,2.82,3.09,2.75,2.38,1.57,2.46,1.61,2.49,1.66,2.38,1.59,0,2.03,1.9,2.03,1.89,2.08,2,1.95,1.92
SP1,25/08/2023,18:30,Las Palmas,Sociedad,0,0,D,0,0,D,11,8,5,1,7,29,5,7,1,4,0,0,4.33,3.1,2,,,,4.2,3.05,2.05,4.23,3.36,2.04,3.75,3,1.91,4,3.2,2.05,4.33,3.46,2.1,4.1,3.28,2.04,2.38,1.57,2.48,1.6,2.55,1.63,2.44,1.57,0.5,1.88,2.05,1.88,2.04,1.88,2.07,1.84,2.03,4.33,3.3,1.91,,,,4.5,3.15,1.95,4.74,3.34,1.95,3.75,3,1.91,4.2,3.25,1.95,4.75,3.4,2,4.5,3.29,1.95,2.5,1.53,2.55,1.57,2.59,1.58,2.49,1.55,0.5,1.97,1.96,1.97,1.95,1.99,2.01,1.92,1.95
SP1,25/08/2023,20:30,Celta,Real Madrid,0,1,A,0,0,D,13,10,4,3,19,14,3,5,2,3,0,0,4.75,3.9,1.7,,,,4.7,3.9,1.73,4.93,3.97,1.75,4.33,3.6,1.62,4.6,3.9,1.73,5.11,4.12,1.78,4.74,3.94,1.74,1.73,2.1,1.81,2.1,1.83,2.15,1.78,2.08,0.75,1.95,1.98,1.96,1.96,1.98,2,1.91,1.94,4.2,3.6,1.85,,,,4.6,3.8,1.75,4.41,3.72,1.89,4.33,3.6,1.62,4.2,3.9,1.8,5.13,4.1,1.9,4.53,3.84,1.79,1.87,2.03,1.88,2.11,1.89,2.23,1.76,2.09,0.75,1.73,2.08,1.78,2.15,1.93,2.19,1.85,2
SP1,26/08/2023,18:00,Cadiz,Almeria,1,1,D,0,0,D,11,5,3,2,16,22,7,3,0,5,1,1,2.25,3.2,3.3,,,,2.25,3.3,3.25,2.24,3.44,3.44,2.15,3.1,3,2.3,3.3,3.2,2.3,3.52,3.5,2.25,3.36,3.34,2.1,1.73,2.14,1.76,2.17,1.81,2.1,1.76,-0.25,1.93,1.97,1.93,1.98,1.97,1.99,1.91,1.93,2.15,3.3,3.6,,,,2.2,3.3,3.45,2.15,3.49,3.68,2.15,3.1,3,2.1,3.4,3.6,2.2,3.52,3.88,2.17,3.37,3.56,2.05,1.85,2.08,1.83,2.24,1.86,2.1,1.77,-0.25,1.85,2.08,1.85,2.08,1.94,2.11,1.84,2.02
SP1,26/08/2023,18:30,Granada,Mallorca,3,2,H,1,1,D,10,10,4,5,11,27,5,3,2,7,0,0,2.6,3,3,,,,2.6,3,3,2.71,3.03,3.05,2.38,2.8,2.9,2.6,3,3,2.73,3.17,3.15,2.65,3,3.01,2.75,1.44,2.79,1.48,2.79,1.5,2.7,1.47,0,1.82,2.08,1.84,2.07,1.85,2.12,1.81,2.06,2.7,3,2.9,,,,2.7,3,2.9,2.81,3.01,3.03,2.5,2.75,2.75,2.7,2.9,3,2.81,3.1,3.1,2.72,2.97,2.97,2.63,1.5,2.88,1.47,2.88,1.5,2.74,1.46,0,1.87,2.06,1.88,2.05,1.89,2.06,1.85,2.02
SP1,26/08/2023,20:30,Sevilla,Girona,1,2,A,1,1,D,21,8,4,3,11,18,6,6,2,1,0,0,2.05,3.4,3.6,,,,2.1,3.45,3.45,2.1,3.52,3.73,1.8,3.3,3.7,1.95,3.4,3.7,2.16,3.6,3.85,2.08,3.48,3.65,1.97,1.93,1.96,1.93,2.02,1.97,1.95,1.89,-0.25,1.83,2.07,1.81,2.11,1.85,2.13,1.79,2.08,1.91,3.5,4.2,,,,1.9,3.5,4.1,1.98,3.6,4.17,1.85,3.2,3.6,1.9,3.5,3.9,2,3.75,4.29,1.95,3.54,4.06,2.05,1.85,2.02,1.88,2.08,1.91,1.98,1.86,-0.5,1.94,1.99,1.98,1.94,1.98,2,1.94,1.92
SP1,27/08/2023,16:30,Villarreal,Barcelona,3,4,A,2,2,D,13,21,6,11,12,14,2,6,3,3,0,0,3.6,3.5,2,,,,3.5,3.6,2.05,3.62,3.76,2.06,3.2,3.4,1.95,3.4,3.75,2.05,3.78,3.98,2.11,3.54,3.7,2.05,1.67,2.2,1.72,2.21,1.76,2.33,1.68,2.23,0.5,1.85,2.05,1.86,2.06,1.87,2.11,1.83,2.04,3.4,3.6,2.1,,,,3.4,3.6,2.1,3.57,3.75,2.1,3.2,3.4,1.95,3.4,3.75,2.05,3.84,3.76,2.18,3.44,3.68,2.1,1.62,2.3,1.64,2.39,1.72,2.41,1.64,2.32,0.5,1.75,2.05,1.84,2.1,1.84,2.16,1.79,2.09
SP1,27/08/2023,18:30,Valencia,Osasuna,1,2,A,0,1,A,16,7,4,2,13,12,6,3,3,4,0,0,1.91,3.4,4,,,,1.9,3.45,4.2,1.89,3.56,4.53,1.85,3.1,3.8,1.93,3.4,4.2,1.96,3.63,4.6,1.9,3.49,4.33,2.2,1.67,2.26,1.69,2.31,1.73,2.23,1.68,-0.5,1.89,2.01,1.89,2.01,1.96,2.04,1.89,1.96,1.75,3.4,5.25,,,,1.75,3.4,5.25,1.76,3.52,5.51,1.83,3.1,3.9,1.75,3.4,4.5,1.83,3.6,5.9,1.78,3.41,5.35,2.63,1.5,2.68,1.53,2.69,1.58,2.58,1.52,-0.75,2.08,1.85,2.1,1.91,2.1,1.91,2.03,1.83
SP1,27/08/2023,20:30,Ath Bilbao,Betis,4,2,H,3,2,H,14,7,6,3,23,11,5,3,4,2,0,0,1.85,3.5,4.2,,,,1.9,3.6,4.1,1.96,3.7,4,1.75,3.4,3.9,1.9,3.5,4.2,1.99,3.75,4.2,1.92,3.66,4.03,2.02,1.88,2.06,1.84,2.07,1.92,2,1.85,-0.5,1.94,1.96,1.96,1.94,1.97,2,1.92,1.94,1.91,3.3,4,,,,1.95,3.4,4.1,2,3.43,4.3,1.85,3.3,3.6,1.9,3.5,4.2,2.08,3.6,4.4,1.96,3.43,4.14,2.2,1.67,2.27,1.7,2.29,1.78,2.18,1.7,-0.5,1.98,1.95,2,1.92,2.03,1.97,1.95,1.91
SP1,28/08/2023,18:30,Getafe,Alaves,1,0,H,0,0,D,15,16,4,2,13,15,4,5,1,2,0,0,2.2,2.88,3.8,,,,2.25,2.95,3.8,2.36,2.89,3.88,2.05,2.75,3.7,2.15,2.88,3.6,2.36,3.06,4,2.28,2.93,3.8,3.2,1.36,3.32,1.36,3.33,1.39,3.14,1.37,-0.25,1.95,1.95,1.96,1.94,1.96,1.99,1.91,1.93,2.45,2.6,3.6,2.5,2.6,3.7,2.4,2.7,3.8,2.62,2.71,3.68,2.45,2.38,3.4,2.4,2.7,3.8,2.62,2.9,4.24,2.45,2.71,3.78,4,1.25,4.03,1.27,4.1,1.3,3.78,1.27,-0.25,2.14,1.8,2.15,1.81,2.16,1.91,2.02,1.84
SP1,28/08/2023,20:30,Vallecano,Ath Madrid,0,7,A,0,3,A,12,17,3,10,19,17,8,3,4,3,0,0,4.2,3.3,1.95,,,,4,3.45,1.95,4.16,3.48,2,3.8,3.4,1.75,3.8,3.4,1.87,4.3,3.62,2.04,4.04,3.47,1.97,2.1,1.73,2.19,1.74,2.2,1.8,2.12,1.74,0.5,1.92,1.98,1.91,2,1.93,2.02,1.89,1.96,3.8,3.3,2.05,3.9,3.2,2.05,3.9,3.3,2.05,4.05,3.38,2.08,3.7,3.25,1.83,4.1,3.3,2,4.1,3.58,2.1,3.94,3.33,2.05,2.2,1.67,2.32,1.67,2.36,1.77,2.25,1.67,0.5,1.84,2.09,1.85,2.08,1.87,2.11,1.83,2.05
SP1,01/09/2023,18:30,Cadiz,Villarreal,3,1,H,2,1,H,18,7,4,3,21,15,7,3,5,4,0,1,3.4,3.4,2.15,3.3,3.5,2.15,3.3,3.5,2.15,3.43,3.59,2.21,2.88,3.25,2.1,3.3,3.5,2.15,3.5,3.72,2.21,3.36,3.53,2.18,1.89,2.01,1.88,2.03,1.92,2.05,1.87,1.97,0.25,2.02,1.91,2.02,1.91,2.04,1.93,1.98,1.87,3.2,3.5,2.2,3.2,3.5,2.2,3.2,3.5,2.2,3.27,3.66,2.25,2.88,3.25,2.1,3.25,3.5,2.2,3.59,3.66,2.25,3.27,3.53,2.21,1.73,2.1,1.78,2.13,1.91,2.13,1.82,2.02,0.25,1.95,1.98,1.97,1.95,2.04,2,1.94,1.91
SP1,01/09/2023,21:00,Almeria,Celta,2,3,A,0,2,A,16,14,5,8,9,9,6,5,1,1,0,0,2.8,3.4,2.5,2.87,3.25,2.45,2.9,3.35,2.45,3.04,3.33,2.55,2.75,3.1,2.3,2.9,3.3,2.5,3.09,3.42,2.6,2.97,3.31,2.5,2,1.8,2.09,1.81,2.14,1.85,2.07,1.78,0.25,1.75,2.05,1.78,2.17,1.8,2.17,1.76,2.11,2.8,3.3,2.5,2.8,3.25,2.5,2.8,3.35,2.55,2.95,3.38,2.58,2.6,3.1,2.38,2.88,3.4,2.45,3.06,3.45,2.61,2.87,3.34,2.53,2.03,1.87,2.01,1.9,2.09,1.9,1.99,1.85,0,2.09,1.84,2.1,1.84,2.17,1.84,2.06,1.82
SP1,02/09/2023,13:00,Sociedad,Granada,5,3,H,2,1,H,15,8,6,5,15,14,2,5,1,5,0,0,1.44,4.5,7,1.44,4.6,7.25,1.45,4.6,7,1.47,4.63,7.49,1.33,4.2,7,1.44,4.5,7.5,1.5,4.8,7.5,1.45,4.59,7.29,1.85,2.05,1.85,2.04,1.89,2.11,1.82,2.02,-1.25,2.06,1.87,2.06,1.85,2.09,1.88,2.03,1.83,1.4,4.5,8,1.44,4.4,7.5,1.5,4.2,6.75,1.47,4.54,7.92,1.36,4.2,6.5,1.44,4.5,7.5,1.5,4.75,8.5,1.44,4.52,7.79,1.94,1.96,1.96,1.94,1.99,1.99,1.9,1.93,-1.25,2.05,1.88,2.06,1.88,2.06,1.9,2,1.85
SP1,02/09/2023,15:15,Real Madrid,Getafe,2,1,H,0,1,A,26,6,12,2,12,16,11,1,2,6,0,0,1.33,5.25,9.5,1.31,5.25,10,1.33,5.25,10,1.34,5.13,10.76,1.2,5,11,1.3,5,11.5,1.36,5.4,11.5,1.33,5.14,10.55,1.94,1.96,1.93,1.95,1.97,2.05,1.88,1.95,-1.5,2.06,1.87,2.05,1.86,2.07,1.92,2.01,1.85,1.36,4.75,8.5,1.36,4.75,9.5,1.35,4.8,9.5,1.37,4.91,10.26,1.22,5,9,1.33,4.8,10.5,1.38,5.1,11,1.36,4.89,9.9,2.07,1.83,2.08,1.83,2.14,2,1.98,1.86,-1.25,1.92,2.01,1.9,2.02,1.94,2.1,1.85,2.01
SP1,02/09/2023,17:30,Alaves,Valencia,1,0,H,1,0,H,7,9,1,4,18,9,1,2,4,2,0,0,2.9,2.88,2.75,2.9,3,2.65,2.9,2.95,2.75,2.96,2.99,2.82,2.8,2.7,2.5,2.9,2.9,2.8,3.04,3,2.85,2.93,2.94,2.77,2.75,1.44,2.89,1.45,2.89,1.48,2.76,1.45,0,2.02,1.91,2,1.9,2.02,1.92,1.98,1.87,3.2,2.9,2.55,3.2,2.9,2.5,3.15,2.9,2.6,3.33,2.98,2.59,3.1,2.62,2.4,3.1,3,2.55,3.46,3,2.75,3.2,2.93,2.58,2.75,1.44,2.87,1.46,2.9,1.49,2.77,1.45,0.25,1.78,2.16,1.79,2.16,1.82,2.3,1.75,2.15
SP1,02/09/2023,20:00,Betis,Vallecano,1,0,H,0,0,D,14,15,5,6,22,20,2,3,3,5,0,0,1.95,3.4,4,1.95,3.5,3.9,1.97,3.45,3.9,1.98,3.55,4.14,1.8,3.3,3.7,1.95,3.4,4.1,2.05,3.64,4.25,1.98,3.5,3.99,2.1,1.73,2.13,1.78,2.17,1.82,2.09,1.77,-0.5,1.99,1.94,1.98,1.93,2,1.94,1.96,1.89,2.05,3.3,3.8,2.05,3.25,3.8,2.05,3.35,3.75,2.09,3.35,4.07,1.8,3.3,3.7,2.05,3.4,3.8,2.14,3.5,4.13,2.06,3.35,3.89,2.3,1.62,2.36,1.65,2.38,1.75,2.24,1.66,-0.5,2.1,1.83,2.09,1.85,2.13,1.88,2.06,1.82
SP1,03/09/2023,13:00,Girona,Las Palmas,1,0,H,0,0,D,11,10,6,5,15,10,3,5,3,3,0,0,1.67,3.8,5.25,1.66,3.8,5.25,1.67,3.8,5.25,1.69,3.83,5.59,1.57,3.3,5.5,1.67,3.75,5.5,1.72,4,5.6,1.68,3.79,5.46,2.1,1.73,2.1,1.79,2.18,1.8,2.11,1.75,-0.75,1.91,2.02,1.9,2,1.91,2.03,1.86,1.98,1.7,4,4.75,1.72,3.75,4.75,1.7,3.85,4.8,1.74,3.88,5.15,1.62,3.4,4.75,1.7,3.9,5,1.76,4.07,5.6,1.71,3.86,5.08,1.94,1.96,1.95,1.95,2.03,1.99,1.92,1.9,-0.75,1.97,1.96,1.96,1.96,1.98,2.04,1.9,1.95
SP1,03/09/2023,15:15,Mallorca,Ath Bilbao,0,0,D,0,0,D,8,11,2,3,12,17,3,5,0,1,0,0,3.3,3,2.38,3.1,3.1,2.4,3.25,3.1,2.4,3.3,3.11,2.49,2.9,2.88,2.3,3.2,3.1,2.4,3.4,3.21,2.49,3.26,3.09,2.42,2.63,1.5,2.65,1.53,2.66,1.57,2.58,1.52,0.25,1.85,2.08,1.83,2.1,1.85,2.1,1.81,2.03,3.1,2.9,2.55,3.1,2.95,2.55,3,2.95,2.6,3.24,3.02,2.63,2.8,2.75,2.45,3.1,3,2.55,3.36,3.1,2.7,3.13,2.98,2.58,2.75,1.44,2.84,1.48,2.86,1.55,2.72,1.47,0.25,1.7,2.1,1.76,2.19,1.8,2.21,1.73,2.14
SP1,03/09/2023,20:00,Osasuna,Barcelona,1,2,A,0,1,A,11,9,3,4,6,16,8,5,1,3,1,0,5.25,4,1.65,5,4,1.65,5,4.1,1.65,5.37,4.17,1.65,4.4,3.6,1.62,5.25,4,1.65,5.4,4.33,1.7,5.12,4.1,1.66,1.8,2,1.79,2.1,1.83,2.17,1.78,2.06,0.75,2.1,1.83,2.09,1.83,2.12,1.89,2.03,1.82,6.5,4.5,1.5,6.5,4.4,1.49,6.5,4.5,1.5,6.77,4.67,1.5,5.5,4,1.44,6.5,4.6,1.45,7.15,4.75,1.53,6.53,4.52,1.5,1.73,2.1,1.71,2.25,1.74,2.29,1.69,2.2,1,2.08,1.85,2.12,1.81,2.19,1.86,2.07,1.8
SP1,15/09/2023,20:00,Vallecano,Alaves,2,0,H,1,0,H,20,9,11,1,15,14,5,3,2,3,0,0,2,3.25,4,1.98,3.1,4.33,2,3.15,4.2,2.03,3.23,4.52,1.85,2.9,4.2,2,3.13,4.33,2.06,3.35,4.6,2.01,3.2,4.36,2.63,1.5,2.75,1.5,2.79,1.51,2.66,1.49,-0.5,2.03,1.9,2.03,1.89,2.05,1.91,2,1.86,2,3.25,4,2.05,3.1,4,2.1,3.15,3.95,2.04,3.27,4.41,1.91,2.9,3.9,2,3.13,4.33,2.11,3.34,4.58,2.03,3.2,4.22,2.63,1.5,2.68,1.52,2.75,1.55,2.61,1.5,-0.5,2.06,1.87,2.04,1.88,2.1,1.89,2.03,1.83
SP1,16/09/2023,13:00,Ath Bilbao,Cadiz,3,0,H,0,0,D,20,5,9,4,10,20,5,4,1,4,0,0,1.53,4,7,1.55,4,6.25,1.55,4,6.5,1.56,4.17,6.66,1.44,3.7,6.5,1.53,4,7,1.59,4.33,7,1.55,4.08,6.56,2,1.8,2.08,1.83,2.14,1.85,2.05,1.79,-1,1.97,1.93,1.98,1.93,2,1.95,1.95,1.9,1.53,3.8,7,1.58,3.75,6.25,1.57,3.85,6.5,1.61,4.01,6.42,1.5,3.5,5.8,1.55,4,6.5,1.67,4.1,7,1.58,3.92,6.42,2.1,1.73,2.18,1.76,2.36,1.76,2.16,1.72,-1,2.08,1.85,2.09,1.85,2.16,1.87,2.04,1.83
SP1,16/09/2023,15:15,Valencia,Ath Madrid,3,0,H,2,0,H,12,11,8,3,13,17,5,8,1,5,0,0,3.8,3.3,2.05,3.7,3.4,2.05,3.75,3.35,2.05,3.93,3.41,2.08,3.6,3.1,1.91,3.75,3.4,2.05,4.04,3.5,2.13,3.82,3.38,2.06,2.2,1.67,2.19,1.74,2.23,1.77,2.16,1.72,0.5,1.84,2.06,1.84,2.08,1.85,2.08,1.82,2.05,3.4,3.25,2.2,3.4,3.2,2.2,3.4,3.25,2.25,3.53,3.22,2.33,3.2,3,2.1,3.4,3.3,2.2,3.79,3.35,2.33,3.47,3.24,2.23,2.2,1.67,2.34,1.66,2.35,1.74,2.23,1.67,0.25,1.95,1.98,1.94,1.98,2.03,1.99,1.95,1.89
SP1,16/09/2023,17:30,Celta,Mallorca,0,1,A,0,0,D,16,7,4,4,9,15,10,1,1,3,0,0,2,3.1,4.33,2,3.1,4.1,2.05,3.15,4.1,2.08,3.13,4.4,1.95,2.88,3.75,2.05,3.1,4.2,2.11,3.25,4.5,2.05,3.13,4.25,2.63,1.5,2.74,1.5,2.75,1.51,2.64,1.49,-0.5,2.06,1.84,2.08,1.84,2.08,1.86,2.04,1.83,2,3.1,4.33,2.05,3.1,4.1,2.05,3.1,4.1,2.13,3.14,4.29,1.95,2.8,3.9,2.1,3.1,4,2.15,3.2,4.71,2.08,3.1,4.21,2.63,1.5,2.74,1.51,2.75,1.55,2.63,1.49,-0.5,2.11,1.82,2.13,1.82,2.15,1.84,2.08,1.8
SP1,16/09/2023,20:00,Barcelona,Betis,5,0,H,2,0,H,17,11,9,2,9,10,9,5,1,2,0,0,1.36,5.25,7.5,1.39,5,7.25,1.37,5.25,7.5,1.38,5.4,8.04,1.3,4.6,7,1.36,5,8.5,1.4,5.6,8.5,1.37,5.23,7.99,1.57,2.38,1.57,2.52,1.58,2.55,1.56,2.45,-1.5,2.06,1.84,2.06,1.85,2.11,1.88,2.03,1.83,1.3,5.75,8,1.31,5.5,9,1.3,5.75,8.75,1.32,6.05,9.44,1.22,5.5,8.5,1.29,5.75,10,1.35,6.16,10,1.31,5.82,9.36,1.44,2.75,1.47,2.83,1.55,2.93,1.47,2.7,-1.5,1.86,2.07,1.86,2.07,1.91,2.15,1.85,2.01
SP1,17/09/2023,13:00,Getafe,Osasuna,3,2,H,1,1,D,11,8,6,3,15,11,6,3,6,2,0,0,2.63,3,3,2.6,2.9,3.1,2.6,2.95,3.1,2.65,2.93,3.24,2.4,2.7,3,2.6,2.9,3.13,2.68,3.09,3.26,2.6,2.93,3.16,3,1.4,3.06,1.4,3.06,1.44,2.94,1.41,-0.25,2.08,1.73,2.2,1.74,2.23,1.81,2.15,1.73,2.6,2.9,3.1,2.6,2.75,3.25,2.6,2.85,3.2,2.69,2.95,3.21,2.3,2.6,3.2,2.55,2.88,3.2,2.72,2.96,3.4,2.62,2.84,3.25,3,1.4,3.09,1.41,3.33,1.42,3.08,1.38,0,1.81,2.13,1.8,2.15,1.83,2.2,1.75,2.15
SP1,17/09/2023,15:15,Villarreal,Almeria,2,1,H,1,1,D,10,17,4,7,16,6,7,6,2,3,0,0,1.44,4.5,7,1.47,4.75,6,1.47,4.7,6.25,1.48,4.98,6.38,1.4,4.33,5.5,1.45,4.75,6.5,1.53,5.1,7,1.48,4.77,6.36,1.57,2.38,1.57,2.51,1.63,2.52,1.57,2.44,-1.25,2.03,1.87,2.02,1.89,2.07,1.89,2.01,1.84,1.5,4.5,5.75,1.5,4.8,5.5,1.5,4.9,5.5,1.53,4.98,5.73,1.36,4.5,5.8,1.5,5,5.75,1.53,5.1,6.31,1.5,4.9,5.78,1.4,3,1.41,3.07,1.41,3.27,1.38,3.08,-1.25,2.09,1.84,2.09,1.85,2.09,1.91,2.01,1.85
SP1,17/09/2023,17:30,Sevilla,Las Palmas,1,0,H,0,0,D,26,12,9,2,13,12,7,3,3,5,0,0,1.62,4,5.5,1.63,3.9,5.25,1.63,3.9,5.5,1.64,3.93,5.99,1.53,3.5,5.5,1.62,3.8,5.75,1.68,4.08,6,1.64,3.92,5.68,2.03,1.87,2.04,1.85,2.06,1.89,2,1.84,-0.75,1.81,2.09,1.82,2.1,1.86,2.11,1.8,2.05,1.57,4.2,6,1.57,4,5.75,1.6,4.1,5.75,1.6,4.15,6.24,1.53,3.5,5.5,1.57,4,6,1.66,4.33,6.5,1.59,4.08,5.94,1.89,2.01,1.9,2.01,1.92,2.03,1.87,1.96,-1,2.01,1.92,2.02,1.9,2.17,1.96,2.02,1.85
SP1,17/09/2023,20:00,Real Madrid,Sociedad,2,1,H,0,1,A,17,15,8,5,11,14,4,3,3,2,0,0,1.65,4,5,1.63,4,5.25,1.63,4.1,5.25,1.69,3.97,5.31,1.53,3.75,4.75,1.65,3.9,5.25,1.73,4.2,5.5,1.67,3.97,5.2,1.9,2,1.91,1.98,1.97,2.02,1.88,1.96,-0.75,1.87,2.03,1.89,2.01,1.92,2.08,1.85,2,1.73,3.8,4.75,1.75,3.7,4.6,1.73,3.85,4.8,1.75,3.77,5.23,1.62,3.5,4.5,1.7,3.8,5,1.78,4,5.4,1.73,3.79,5.03,1.93,1.97,1.93,1.97,1.99,2,1.92,1.92,-0.75,1.98,1.95,1.97,1.95,1.99,2.06,1.92,1.93
SP1,18/09/2023,20:00,Granada,Girona,2,4,A,0,3,A,12,13,5,7,13,21,4,5,3,3,0,0,2.63,3.5,2.6,2.65,3.3,2.6,2.65,3.35,2.65,2.78,3.44,2.65,2.6,3.1,2.4,2.6,3.25,2.5,2.8,3.52,2.7,2.71,3.37,2.64,2.05,1.85,2.06,1.84,2.11,1.87,2.02,1.8,0,1.97,1.93,2,1.91,2,1.96,1.95,1.9,2.88,3.5,2.38,2.75,3.5,2.45,2.8,3.5,2.45,3.01,3.58,2.43,2.75,3.1,2.3,2.88,3.5,2.4,3.2,3.65,2.5,2.87,3.51,2.41,1.67,2.2,1.69,2.29,1.78,2.31,1.68,2.21,0.25,1.84,2.09,1.84,2.1,1.91,2.14,1.79,2.07
SP1,22/09/2023,20:00,Alaves,Ath Bilbao,0,2,A,0,1,A,15,11,5,3,13,9,3,4,2,2,0,0,4.2,3,2.05,3.9,3.1,2.1,4,3.1,2.1,4.27,3.16,2.12,3.7,2.9,1.95,4,3.2,2.05,4.33,3.24,2.15,4.07,3.14,2.09,2.63,1.5,2.64,1.54,2.65,1.55,2.57,1.52,0.5,1.82,2.11,1.83,2.12,1.84,2.12,1.8,2.1,4.33,3,2.05,3.9,3.1,2.1,4.3,3.1,2,4.25,3.1,2.16,3.7,2.9,1.95,4.1,3.13,2.05,4.75,3.21,2.16,4.29,3.1,2.06,2.75,1.44,2.79,1.49,2.79,1.53,2.7,1.48,0.5,1.83,2.1,1.79,2.14,1.89,2.15,1.82,2.06
SP1,23/09/2023,13:00,Girona,Mallorca,5,3,H,4,1,H,23,15,10,5,10,12,6,5,1,5,0,0,1.85,3.5,4.2,1.88,3.4,4.2,1.9,3.4,4.3,1.94,3.39,4.54,1.85,3.1,3.9,1.91,3.3,4.5,1.98,3.5,4.8,1.92,3.38,4.42,2.38,1.57,2.45,1.6,2.48,1.64,2.39,1.59,-0.5,1.92,1.98,1.94,1.96,1.95,2,1.91,1.95,1.91,3.25,4.5,1.88,3.4,4.2,1.9,3.3,4.5,1.91,3.4,4.88,1.75,3.1,4.33,1.87,3.4,4.5,1.96,3.45,4.95,1.9,3.36,4.58,2.5,1.53,2.52,1.58,2.53,1.66,2.41,1.58,-0.5,1.89,2.01,1.91,2.02,1.92,2.04,1.89,1.97
SP1,23/09/2023,15:15,Osasuna,Sevilla,0,0,D,0,0,D,16,15,2,3,11,7,7,4,2,3,0,0,2.6,3.1,2.88,2.5,3.25,2.87,2.55,3.2,2.9,2.62,3.22,2.99,2.3,3,2.8,2.63,3.1,2.9,2.64,3.36,3.2,2.55,3.21,2.94,2.2,1.67,2.33,1.65,2.35,1.71,2.26,1.66,0,1.81,2.09,1.83,2.09,1.84,2.18,1.81,2.07,2.4,3.2,3.1,2.5,3.25,2.87,2.4,3.2,3.15,2.45,3.24,3.28,2.2,3,3,2.3,3.25,3.3,2.61,3.33,3.52,2.37,3.24,3.23,2.3,1.62,2.35,1.66,2.35,1.74,2.24,1.68,-0.25,2.07,1.83,2.08,1.85,2.17,1.96,2.01,1.85
SP1,23/09/2023,17:30,Barcelona,Celta,3,2,H,0,1,A,15,13,6,7,10,11,2,3,2,1,0,0,1.29,6,9,1.29,5.75,9.5,1.3,6,9.5,1.29,6.04,10.38,1.2,5.5,9.5,1.25,6,11,1.32,6.41,11.3,1.29,5.95,10.23,1.5,2.63,1.53,2.6,1.55,2.63,1.52,2.55,-1.5,1.78,2.03,1.81,2.08,1.87,2.11,1.82,2.06,1.25,6,11,1.24,6.5,11.5,1.25,6.25,11,1.26,6.77,12.3,1.2,5.5,9.5,1.22,6.5,12,1.3,6.77,12.3,1.24,6.36,11.36,1.44,2.75,1.46,2.83,1.58,3.05,1.44,2.73,-1.75,1.88,2.02,1.93,2.04,2,2.04,1.88,1.97
SP1,23/09/2023,20:00,Almeria,Valencia,2,2,D,0,1,A,17,7,10,5,12,10,8,3,4,2,0,0,3,3.6,2.3,3,3.4,2.3,2.95,3.5,2.35,3.11,3.53,2.36,2.8,3.1,2.25,3.13,3.4,2.3,3.19,3.62,2.41,3.04,3.48,2.34,1.94,1.96,1.94,1.94,1.98,1.98,1.93,1.91,0.25,1.9,2,1.87,2.04,1.93,2.05,1.85,2,2.63,3.4,2.63,2.7,3.25,2.6,2.75,3.35,2.55,2.72,3.43,2.76,2.6,3.1,2.4,2.75,3.4,2.55,2.95,3.56,2.76,2.79,3.35,2.58,2.1,1.73,2.15,1.78,2.19,1.95,2.03,1.8,0,1.95,1.95,1.94,1.98,2.09,1.98,1.99,1.86
SP1,24/09/2023,13:00,Sociedad,Getafe,4,3,H,1,2,A,10,10,6,7,13,24,2,1,3,2,0,0,1.53,3.8,7,1.55,3.7,7,1.55,3.75,7,1.56,3.82,7.76,1.44,3.4,6.5,1.53,3.8,7.5,1.62,3.98,8.3,1.55,3.77,7.37,2.5,1.53,2.56,1.56,2.6,1.61,2.51,1.54,-1,2.05,1.85,2.04,1.87,2.11,1.89,2.01,1.85,1.7,3.25,6,1.7,3.25,6.25,1.67,3.35,6.5,1.71,3.43,6.71,1.57,3.25,5.5,1.65,3.4,6.5,1.73,3.74,7.5,1.68,3.4,6.52,3,1.4,2.92,1.44,3.17,1.53,2.84,1.43,-0.75,2.01,1.92,1.95,1.97,2.04,2.08,1.9,1.95
SP1,24/09/2023,15:15,Vallecano,Villarreal,1,1,D,1,1,D,11,13,6,6,20,18,2,8,2,3,0,1,2.5,3.5,2.63,2.5,3.5,2.65,2.5,3.55,2.7,2.56,3.54,2.83,2.3,3.25,2.6,2.55,3.5,2.7,2.6,3.73,2.83,2.52,3.54,2.74,1.73,2.1,1.78,2.11,1.82,2.15,1.76,2.1,0,1.86,2.04,1.85,2.06,1.91,2.08,1.85,2.02,2.55,3.4,2.7,2.5,3.4,2.7,2.55,3.45,2.7,2.64,3.53,2.78,2.3,3.25,2.6,2.55,3.5,2.7,2.77,3.55,3,2.55,3.46,2.77,1.8,2,1.83,2.07,1.9,2.13,1.81,2.03,0,1.91,2.02,1.91,2.02,1.95,2.12,1.87,2
SP1,24/09/2023,17:30,Betis,Cadiz,1,1,D,0,1,A,21,5,7,1,10,14,11,8,2,3,0,0,1.8,3.5,4.5,1.83,3.5,4.4,1.83,3.55,4.4,1.86,3.62,4.64,1.7,3.4,4.2,1.85,3.5,4.5,1.9,3.73,4.64,1.85,3.56,4.49,2.1,1.73,2.14,1.77,2.2,1.8,2.14,1.73,-0.5,1.85,2.05,1.86,2.05,1.87,2.06,1.85,2.02,1.75,3.5,4.75,1.8,3.5,4.75,1.8,3.55,4.7,1.81,3.66,5.07,1.7,3.25,4.33,1.75,3.6,4.8,1.88,3.66,5.23,1.8,3.57,4.8,2.1,1.73,2.16,1.76,2.25,1.81,2.15,1.73,-0.75,2.07,1.86,2.06,1.87,2.09,1.92,2.04,1.82
SP1,24/09/2023,17:30,Las Palmas,Granada,1,0,H,0,0,D,10,2,3,1,13,19,6,7,6,4,1,0,1.95,3.5,3.6,2,3.4,3.7,2.05,3.5,3.7,2.05,3.56,3.87,1.91,3.1,3.6,2.05,3.3,3.9,2.08,3.64,3.95,2.03,3.49,3.77,2.08,1.82,2.07,1.83,2.13,1.85,2.05,1.79,-0.5,2.03,1.87,2.05,1.87,2.05,1.88,2.03,1.84,1.91,3.6,4,1.95,3.5,3.8,1.95,3.6,3.85,1.95,3.73,4.1,1.83,3.3,3.6,1.95,3.6,3.8,2.05,3.77,4.1,1.96,3.63,3.88,1.93,1.97,1.93,1.97,1.99,2.01,1.9,1.93,-0.5,1.96,1.97,1.95,1.97,2,1.99,1.95,1.91
SP1,24/09/2023,20:00,Ath Madrid,Real Madrid,3,1,H,2,1,H,10,20,4,5,13,10,6,11,1,3,0,0,2.7,3.4,2.55,2.75,3.3,2.5,2.75,3.4,2.55,2.88,3.37,2.61,2.7,3,2.4,2.8,3.3,2.55,3.02,3.5,2.63,2.83,3.36,2.56,2.06,1.84,2.08,1.83,2.11,1.89,2.03,1.82,0,2.05,1.85,2.06,1.86,2.13,1.87,2.04,1.84,2.75,3.3,2.6,2.75,3.3,2.55,2.85,3.3,2.55,2.87,3.38,2.65,2.7,3,2.4,2.8,3.3,2.55,3.15,3.5,2.7,2.81,3.33,2.59,2,1.9,1.99,1.92,2.04,1.95,1.99,1.85,0,2.02,1.91,2.04,1.88,2.13,1.94,2.02,1.86
SP1,26/09/2023,18:00,Sevilla,Almeria,5,1,H,3,0,H,18,10,9,1,15,16,9,4,3,2,0,0,1.67,3.8,5,1.66,4,4.8,1.67,4,4.9,1.7,4.1,5.09,1.44,3.9,5.5,1.65,4,5.25,1.75,4.22,5.75,1.67,4.04,5.08,1.73,2.1,1.73,2.18,1.77,2.22,1.72,2.16,-0.75,1.88,2.02,1.9,2.02,1.93,2.09,1.84,2.01,1.7,3.75,5,1.68,3.9,4.8,1.67,3.95,5,1.71,3.97,5.18,1.62,4.2,5,1.62,4.2,5.25,1.76,4.2,5.77,1.69,3.98,5.05,1.8,2,1.79,2.11,1.83,2.2,1.77,2.08,-0.75,1.93,1.97,1.93,1.99,1.97,2.08,1.87,1.98
SP1,26/09/2023,20:30,Mallorca,Barcelona,2,2,D,2,1,H,10,10,5,4,19,7,7,2,4,1,1,0,7.5,4.2,1.5,6.75,4.2,1.49,7,4.2,1.5,6.98,4.53,1.51,6,4,1.4,6.5,4.33,1.5,7.5,4.68,1.55,6.89,4.38,1.5,1.9,2,1.89,2.02,1.92,2.08,1.86,1.98,1,2.07,1.83,2.08,1.85,2.15,1.85,2.05,1.81,7,4.33,1.45,6.75,4.2,1.49,7,4.2,1.5,7.5,4.4,1.5,7,4.2,1.47,7,4.4,1.45,8,5.09,1.54,7.07,4.44,1.48,1.94,1.96,1.93,1.97,1.96,2.06,1.88,1.95,1.25,1.73,2.08,1.78,2.16,1.89,2.2,1.79,2.07
SP1,27/09/2023,18:00,Ath Bilbao,Getafe,2,2,D,1,0,H,9,13,4,5,9,19,5,4,5,6,1,0,1.62,3.6,6.5,1.6,3.8,6,1.63,3.65,6.25,1.64,3.76,6.51,1.5,3.4,6,1.62,3.6,6.5,1.71,3.85,6.51,1.64,3.7,6.21,2.38,1.57,2.41,1.62,2.46,1.64,2.4,1.59,-0.75,1.84,2.06,1.83,2.09,1.88,2.09,1.82,2.03,1.5,4.2,6.5,1.52,4,6.75,1.53,3.95,7,1.53,4.06,7.73,1.5,4,7,1.5,4,7.5,1.77,4.31,8,1.53,4,7.29,2.1,1.73,2.19,1.74,2.58,1.75,2.21,1.69,-0.75,1.63,2.25,1.67,2.34,1.9,2.38,1.67,2.25
SP1,27/09/2023,18:00,Real Madrid,Las Palmas,2,0,H,1,0,H,21,16,9,2,7,9,7,2,0,1,0,0,1.2,7,11,1.21,6.75,13.5,1.22,6.75,12,1.21,7.24,13.67,1.18,5.5,10,1.2,7,13,1.24,7.5,15,1.22,6.92,13.1,1.44,2.75,1.43,2.89,1.47,2.9,1.44,2.8,-2,2.02,1.88,2.01,1.88,2.07,1.88,2.01,1.84,1.17,8,15,1.17,7.75,15.5,1.2,7.25,14,1.18,8,16.5,1.14,8,17,1.15,8,17,1.23,8.25,18.5,1.17,7.68,15.97,1.44,2.75,1.43,2.75,1.5,2.93,1.45,2.77,-2,1.9,2.03,1.88,2.03,1.91,2.12,1.85,2.02
SP1,27/09/2023,18:00,Villarreal,Girona,1,2,A,0,0,D,14,17,3,5,9,11,5,6,3,2,0,0,2.25,3.5,3.1,2.25,3.7,2.9,2.25,3.65,3,2.22,3.72,3.23,2.15,3.4,2.75,2.2,3.6,3.2,2.32,3.8,3.3,2.23,3.66,3.12,1.57,2.38,1.61,2.42,1.66,2.47,1.6,2.38,-0.25,1.94,1.96,1.93,1.97,1.98,1.99,1.91,1.92,2.15,3.75,3.25,2.1,3.6,3.25,2.2,3.45,3.25,2.17,3.72,3.42,2.1,3.7,3.25,2.15,3.6,3.25,2.26,3.78,3.5,2.15,3.68,3.3,1.62,2.3,1.65,2.36,1.67,2.45,1.6,2.36,-0.25,1.87,2.06,1.88,2.05,1.89,2.07,1.85,2
SP1,27/09/2023,20:30,Cadiz,Vallecano,0,0,D,0,0,D,9,9,2,4,16,13,1,2,5,6,0,1,2.5,3.2,2.88,2.5,3.1,2.95,2.55,3.2,2.9,2.64,3.17,3,2.3,3,2.8,2.6,3.1,2.9,2.66,3.31,3.02,2.58,3.17,2.95,2.38,1.57,2.42,1.61,2.44,1.65,2.36,1.6,0,1.81,2.09,1.83,2.09,1.83,2.11,1.8,2.06,2.55,3.1,2.9,2.6,3,2.9,2.6,3.1,2.9,2.72,3.11,3,2.6,3.1,2.88,2.63,3.1,2.9,2.74,3.18,3.09,2.63,3.08,2.97,2.3,1.62,2.41,1.63,2.53,1.65,2.37,1.6,0,1.86,2.07,1.87,2.07,1.87,2.09,1.82,2.05
SP1,27/09/2023,20:30,Valencia,Sociedad,0,1,A,0,1,A,9,2,2,1,14,17,0,2,4,7,1,0,2.63,3.1,2.8,2.55,3.1,2.87,2.65,3.1,2.9,2.68,3.18,2.94,2.45,2.9,2.7,2.63,3.1,2.88,2.76,3.3,2.96,2.65,3.14,2.89,2.5,1.53,2.51,1.57,2.57,1.64,2.45,1.57,0,1.85,2.05,1.86,2.05,1.94,2.08,1.85,2.02,2.5,3,3.1,2.5,2.9,3.2,2.5,3,3.15,2.57,3.02,3.31,2.45,3,3.1,2.45,3,3.2,2.63,3.2,3.32,2.52,3.03,3.2,2.63,1.5,2.79,1.49,2.8,1.55,2.65,1.49,-0.25,2.16,1.78,2.16,1.8,2.25,1.81,2.11,1.77
SP1,28/09/2023,18:00,Celta,Alaves,1,1,D,1,0,H,8,21,0,11,9,11,2,8,5,3,1,0,1.7,3.6,5.25,1.71,3.5,5.5,1.7,3.55,5.5,1.71,3.59,5.97,1.65,3.2,4.8,1.7,3.6,5.5,1.75,3.73,6,1.71,3.57,5.6,2.3,1.62,2.42,1.61,2.55,1.64,2.39,1.59,-0.75,1.94,1.96,1.93,1.97,1.96,1.99,1.92,1.92,1.57,3.75,6.5,1.61,3.6,6.25,1.63,3.7,6.25,1.59,3.99,6.84,1.57,3.75,6.5,1.6,3.75,6.5,1.71,4.2,7.5,1.61,3.79,6.41,2.2,1.67,2.21,1.74,2.35,1.77,2.23,1.67,-0.75,1.7,2.1,1.75,2.21,1.86,2.25,1.76,2.1
SP1,28/09/2023,18:00,Granada,Betis,1,1,D,0,0,D,19,13,7,3,14,10,5,7,2,1,0,0,3,3.3,2.38,2.87,3.4,2.4,2.95,3.4,2.4,3.11,3.53,2.36,2.8,3,2.3,3.1,3.4,2.3,3.19,3.64,2.45,3.04,3.45,2.36,1.97,1.93,1.95,1.93,1.99,1.96,1.94,1.9,0.25,1.86,2.04,1.87,2.04,1.87,2.08,1.83,2,2.8,3.3,2.55,2.7,3.3,2.55,2.75,3.35,2.6,2.79,3.46,2.68,2.62,3.4,2.6,2.75,3.4,2.55,3.13,3.6,2.7,2.79,3.43,2.57,1.97,1.93,1.99,1.92,2,1.95,1.94,1.89,0,2.04,1.89,2,1.93,2.06,1.96,2,1.87
SP1,28/09/2023,20:30,Osasuna,Ath Madrid,0,2,A,0,1,A,13,4,2,3,14,4,7,2,3,3,1,1,3.4,3.4,2.15,3.3,3.4,2.15,3.35,3.4,2.2,3.68,3.47,2.14,3.25,3.1,2,3.5,3.4,2.15,3.72,3.58,2.22,3.53,3.43,2.14,2.1,1.73,2.13,1.77,2.17,1.81,2.09,1.77,0.25,2.06,1.84,2.08,1.84,2.08,1.89,2.02,1.81,3.8,3.4,2,4,3.3,1.98,3.9,3.35,2,4.21,3.48,2.01,4,3.5,1.91,4.1,3.4,1.95,4.33,3.55,2.02,4.05,3.45,1.99,2.2,1.67,2.28,1.69,2.31,1.74,2.21,1.69,0.5,1.89,2.04,1.92,2.01,1.92,2.04,1.88,1.98
SP1,29/09/2023,20:00,Barcelona,Sevilla,1,0,H,0,0,D,18,12,5,3,11,15,13,3,2,3,0,0,1.36,5.25,8,1.37,5.25,7.5,1.4,5,7.5,1.39,5.36,7.97,1.35,5.5,8,1.36,5.25,8,1.41,5.75,9,1.38,5.35,7.92,1.48,2.6,1.51,2.66,1.53,2.69,1.5,2.61,-1.5,2.08,1.85,2.06,1.85,2.12,1.88,2.04,1.83,1.33,5,8.5,1.35,5.5,7.75,1.4,5,7.5,1.35,5.74,8.7,1.33,5.5,8,1.33,5.5,8.5,1.4,6,9.5,1.36,5.56,8.12,1.44,2.7,1.43,2.97,1.48,2.97,1.43,2.83,-1.5,1.97,1.96,1.96,1.96,2.05,1.99,1.97,1.9
SP1,30/09/2023,13:00,Getafe,Villarreal,0,0,D,0,0,D,22,3,9,0,19,11,6,4,2,4,0,1,2.9,3.1,2.6,2.8,3.3,2.5,2.9,3.2,2.55,3,3.25,2.59,2.8,3.25,2.5,2.9,3.25,2.55,3.1,3.35,2.65,2.93,3.25,2.56,2.08,1.73,2.14,1.77,2.18,1.8,2.11,1.75,0,2.11,1.82,2.11,1.82,2.11,1.83,2.07,1.8,2.75,3,2.75,2.75,3.1,2.7,2.75,3.1,2.75,2.79,3.14,2.86,2.7,3.1,2.7,2.7,3.2,2.7,2.95,3.25,3.07,2.76,3.12,2.8,2.3,1.6,2.36,1.65,2.45,1.8,2.28,1.65,0,1.94,1.99,1.93,1.99,2.02,2.01,1.93,1.94
SP1,30/09/2023,15:15,Vallecano,Mallorca,2,2,D,1,1,D,19,9,5,4,12,20,5,0,2,5,0,0,2.1,3.1,4,2.2,3.2,3.5,2.2,3.15,3.65,2.16,3.16,4.04,2.2,3.1,3.6,2.1,3.2,3.75,2.25,3.25,4.04,2.18,3.15,3.79,2.4,1.53,2.5,1.58,2.55,1.61,2.45,1.56,-0.25,1.83,2.1,1.83,2.1,1.87,2.11,1.83,2.03,1.95,3.2,4.2,1.98,3.2,4.2,2,3.25,4.2,2.03,3.26,4.46,1.95,3.2,4.2,1.95,3.2,4.33,2.19,3.4,4.6,2.02,3.22,4.23,2.5,1.5,2.62,1.54,2.62,1.58,2.51,1.53,-0.5,2.02,1.91,2.03,1.89,2.05,1.93,1.99,1.86
SP1,30/09/2023,17:30,Girona,Real Madrid,0,3,A,0,2,A,13,14,3,7,13,14,1,4,2,2,0,1,3.5,4,1.95,3.6,3.75,1.95,3.5,3.9,1.95,3.56,4.02,2,3.6,3.8,1.91,3.6,3.8,1.95,3.7,4.1,2.02,3.57,3.92,1.98,1.6,2.3,1.65,2.35,1.66,2.44,1.62,2.34,0.5,1.93,2,1.9,2,1.94,2,1.88,1.97,3.75,4,1.85,3.9,3.8,1.85,3.8,3.95,1.85,4.08,4.06,1.88,4,3.9,1.8,3.9,4,1.83,4.18,4.2,1.98,3.92,4.01,1.87,1.57,2.35,1.63,2.42,1.63,2.57,1.57,2.43,0.5,2.03,1.9,2.05,1.88,2.08,1.91,2.01,1.86
SP1,30/09/2023,20:00,Sociedad,Ath Bilbao,3,0,H,1,0,H,8,18,5,3,20,9,5,7,2,2,0,0,2.2,3.2,3.5,2.2,3.2,3.4,2.25,3.2,3.4,2.26,3.3,3.53,2.15,3.25,3.5,2.25,3.2,3.5,2.28,3.39,3.65,2.24,3.25,3.49,2.35,1.57,2.4,1.62,2.44,1.66,2.36,1.61,-0.25,1.93,2,1.91,1.99,1.95,2,1.89,1.95,2.2,3.1,3.6,2.25,3,3.5,2.3,3.05,3.5,2.32,3.14,3.66,2.25,3.1,3.4,2.25,3.1,3.5,2.35,3.25,4.1,2.28,3.11,3.58,2.4,1.53,2.61,1.55,2.63,1.6,2.52,1.54,-0.25,1.96,1.97,1.96,1.96,2.02,2,1.92,1.93
SP1,01/10/2023,13:00,Almeria,Granada,3,3,D,3,0,H,17,19,5,4,18,14,1,5,2,1,0,0,1.95,3.6,3.75,1.98,3.7,3.6,1.95,3.7,3.7,1.92,3.68,3.96,1.95,3.7,3.7,1.95,3.6,3.8,2.02,3.93,4.1,1.96,3.7,3.79,1.73,2.08,1.75,2.11,1.81,2.17,1.76,2.09,-0.5,1.96,1.94,1.92,1.93,2,1.96,1.95,1.9,1.91,3.75,3.8,1.93,3.7,3.75,1.95,3.75,3.7,1.98,3.73,3.99,1.91,3.75,3.7,1.93,3.8,3.7,2.01,3.95,4.25,1.96,3.74,3.82,1.7,2.1,1.76,2.17,1.76,2.38,1.71,2.18,-0.5,1.95,1.95,1.98,1.94,2,2.02,1.95,1.91
SP1,01/10/2023,15:15,Alaves,Osasuna,0,2,A,0,1,A,17,10,3,3,13,13,4,2,2,3,1,0,2.75,3,2.8,2.65,3,2.85,2.7,3.05,2.85,2.76,2.99,2.89,2.7,3.1,2.75,2.7,3.1,2.8,2.81,3.21,3,2.71,3.06,2.87,2.5,1.5,2.6,1.51,2.68,1.55,2.56,1.52,0,1.88,2.02,1.88,1.97,1.9,2.04,1.87,1.98,2.5,3,3.1,2.45,2.95,3.2,2.5,3,3.15,2.59,3.02,3.32,2.4,3.1,3.1,2.5,3,3.13,2.69,3.1,3.55,2.52,3.02,3.2,2.7,1.44,2.89,1.45,2.89,1.52,2.68,1.48,-0.25,2.14,1.77,2.17,1.79,2.22,1.83,2.1,1.77
SP1,01/10/2023,20:00,Ath Madrid,Cadiz,3,2,H,1,2,A,18,8,9,4,5,10,5,3,1,3,0,0,1.33,5,10,1.35,5,8.75,1.35,5,9.5,1.35,4.99,8.91,1.33,5,9.5,1.33,5,10,1.39,5.34,10,1.36,5.08,9.18,1.73,2.08,1.77,2.07,1.8,2.21,1.75,2.11,-1.5,2.06,1.84,2.06,1.81,2.08,1.87,2.03,1.83,1.33,5.5,9,1.33,5.25,9.25,1.35,4.9,9,1.34,5.31,10.48,1.3,5.5,10,1.33,5,10.5,1.37,5.6,11,1.33,5.28,9.96,1.75,2.05,1.81,2.09,1.86,2.25,1.78,2.07,-1.5,2.05,1.85,2.07,1.86,2.11,1.91,2.01,1.85
SP1,01/10/2023,20:00,Betis,Valencia,3,0,H,1,0,H,15,9,7,2,11,10,5,3,2,2,0,0,2.3,3.25,3.3,2.3,3.3,3.1,2.3,3.25,3.2,2.31,3.29,3.26,2.3,3.3,3.1,2.3,3.25,3.25,2.39,3.44,3.33,2.31,3.32,3.23,2.1,1.7,2.19,1.69,2.25,1.78,2.16,1.72,-0.25,2.02,1.88,1.97,1.88,2.06,1.92,1.98,1.87,2.05,3.25,4,2.05,3.2,3.9,2.1,3.25,3.8,2.07,3.41,4.04,2.05,3.25,3.8,2.05,3.2,4,2.17,3.45,4.06,2.09,3.3,3.86,2.25,1.62,2.37,1.65,2.38,1.72,2.29,1.65,-0.25,1.73,2.08,1.77,2.18,1.83,2.21,1.78,2.09
SP1,02/10/2023,20:00,Las Palmas,Celta,2,1,H,0,0,D,16,11,5,3,13,14,4,5,2,1,0,0,2.5,3.2,3,2.37,3.2,3.1,2.45,3.2,3.05,2.52,3.15,2.99,2.4,3.2,3,2.38,3.13,2.88,2.58,3.37,3.1,2.48,3.21,3.03,2.25,1.62,2.29,1.63,2.39,1.7,2.28,1.64,-0.25,2.08,1.73,2.14,1.72,2.17,1.81,2.1,1.76,2.8,3.1,2.6,2.87,3.1,2.6,2.85,3.15,2.6,3.02,3.09,2.72,2.88,3.2,2.5,2.9,3.2,2.55,3.11,3.2,2.76,2.92,3.13,2.65,2.3,1.6,2.4,1.64,2.44,1.69,2.32,1.63,0,2.06,1.87,2.07,1.86,2.13,1.9,2.03,1.84
SP1,06/10/2023,20:00,Ath Bilbao,Almeria,3,0,H,1,0,H,23,4,9,1,11,7,6,2,2,0,0,0,1.36,5,8,1.38,5,7.5,1.4,5.25,7.5,1.38,5.41,8.23,1.33,5.5,8,1.33,5.5,8.5,1.42,5.6,9,1.38,5.24,8.16,1.53,2.4,1.56,2.58,1.58,2.58,1.54,2.49,-1.5,2.03,1.87,2.05,1.88,2.07,1.9,2.01,1.84,1.3,5.75,8.5,1.31,5.75,9.25,1.33,5.5,8.75,1.32,5.66,9.41,1.29,5.5,10,1.29,5.75,10,1.39,6.01,11,1.32,5.66,9.65,1.53,2.4,1.57,2.54,1.6,2.66,1.53,2.47,-1.5,1.85,2.05,1.87,1.99,2.04,2.11,1.87,1.98
SP1,07/10/2023,13:00,Cadiz,Girona,0,1,A,0,0,D,8,20,2,5,12,13,5,5,1,3,1,0,3.25,3.4,2.25,3.2,3.4,2.25,3.2,3.4,2.25,3.28,3.4,2.33,3.2,3.4,2.2,3.2,3.4,2.25,3.35,3.5,2.36,3.25,3.41,2.28,1.98,1.92,1.98,1.91,1.99,1.92,1.95,1.87,0.25,1.93,1.97,1.91,2,1.96,2,1.9,1.93,3.3,3.4,2.2,3.2,3.3,2.25,3.2,3.35,2.25,3.39,3.43,2.22,3.2,3.4,2.2,3.3,3.4,2.2,3.58,3.5,2.3,3.29,3.4,2.25,2.04,1.86,2.05,1.86,2.05,1.92,1.99,1.84,0.25,2.01,1.92,1.95,1.97,2.03,2,1.92,1.92
SP1,07/10/2023,15:15,Real Madrid,Osasuna,4,0,H,1,0,H,19,7,9,1,9,6,5,4,2,2,0,0,1.29,6,9.5,1.3,5.5,9.5,1.3,5.75,9.5,1.3,5.95,10.38,1.29,5.5,10,1.29,5.5,11,1.33,6,11,1.31,5.7,9.96,1.57,2.35,1.6,2.45,1.62,2.45,1.58,2.4,-1.5,1.89,2.01,1.89,2.02,1.92,2.02,1.87,1.98,1.29,6.5,8.5,1.27,6,10.5,1.3,6,10,1.27,6.43,11.77,1.25,6,11,1.25,6,12,1.3,6.64,13,1.27,6.09,11.08,1.53,2.4,1.58,2.51,1.61,2.7,1.55,2.44,-1.75,2.03,1.9,2.01,1.91,2.04,1.95,1.97,1.87
SP1,07/10/2023,17:30,Mallorca,Valencia,1,1,D,1,1,D,9,11,5,3,17,11,3,6,2,1,0,0,2.5,3,3.2,2.45,3.1,3.1,2.5,3.05,3.1,2.54,3.05,3.26,2.4,3.1,3.1,2.45,3.1,3.1,2.6,3.18,3.28,2.51,3.08,3.16,2.5,1.5,2.62,1.53,2.66,1.55,2.53,1.53,-0.25,2.14,1.77,2.14,1.79,2.16,1.81,2.09,1.77,2.45,2.9,3.2,2.45,2.95,3.2,2.5,2.95,3.25,2.57,3,3.35,2.4,3,3.2,2.5,3,3.13,2.7,3.1,3.37,2.5,2.98,3.22,2.7,1.44,2.83,1.48,2.85,1.5,2.64,1.47,-0.25,2.18,1.77,2.15,1.81,2.23,1.82,2.09,1.77
SP1,07/10/2023,20:00,Sevilla,Vallecano,2,2,D,0,2,A,22,7,6,4,16,19,12,2,5,2,0,0,1.85,3.6,4.2,1.8,3.6,4.33,1.9,3.55,4.2,1.91,3.61,4.39,1.85,3.5,4.2,1.87,3.5,4.33,1.93,3.67,4.5,1.89,3.58,4.27,2.05,1.75,2.08,1.81,2.1,1.83,2.05,1.79,-0.5,1.9,2,1.91,2,1.92,2.01,1.89,1.96,1.8,3.75,4.33,1.82,3.6,4.4,1.9,3.6,4.2,1.83,3.79,4.65,1.8,3.6,4.33,1.83,3.6,4.5,1.9,3.86,4.65,1.84,3.68,4.39,2.02,1.88,2.02,1.89,2.02,1.93,1.97,1.85,-0.75,2.07,1.86,2.09,1.85,2.12,1.86,2.06,1.79
SP1,08/10/2023,13:00,Villarreal,Las Palmas,1,2,A,0,1,A,9,8,4,5,17,7,7,2,4,4,0,0,1.6,4,5.75,1.6,4.2,5.25,1.63,4.1,5.5,1.63,4.21,5.56,1.57,4.2,5.5,1.6,4,5.75,1.65,4.35,6,1.62,4.17,5.48,1.73,2.08,1.81,2.08,1.82,2.13,1.76,2.08,-1,2.08,1.82,2.09,1.83,2.1,1.84,2.05,1.81,1.65,4,5.25,1.63,4,5.25,1.65,3.85,5.5,1.65,4.12,5.59,1.6,4.2,5,1.6,4.1,5.5,1.75,4.3,5.75,1.65,4.09,5.38,1.75,2.05,1.81,2.09,1.9,2.19,1.78,2.08,-1,2.03,1.78,2.11,1.81,2.19,1.89,2.1,1.78
SP1,08/10/2023,15:15,Ath Madrid,Sociedad,2,1,H,1,0,H,14,13,5,4,9,12,1,4,3,3,0,0,1.83,3.4,4.5,1.85,3.5,4.33,1.9,3.45,4.3,1.93,3.39,4.59,1.85,3.5,4.2,1.91,3.4,4.33,1.95,3.58,4.85,1.91,3.45,4.42,2.1,1.7,2.19,1.74,2.25,1.8,2.12,1.72,-0.5,1.93,1.97,1.93,1.97,1.93,1.98,1.9,1.94,1.95,3.25,4.2,1.98,3.25,4.1,2,3.3,4.1,2.04,3.4,4.39,1.95,3.4,4,1.95,3.4,4.1,2.1,3.55,4.8,1.99,3.35,4.2,2.15,1.67,2.21,1.74,2.28,1.78,2.18,1.71,-0.5,1.99,1.94,2.04,1.89,2.06,1.95,1.99,1.87
SP1,08/10/2023,17:30,Alaves,Betis,1,1,D,1,1,D,15,6,5,2,13,9,5,3,3,3,0,1,2.8,3.25,2.6,2.8,3.1,2.65,2.8,3.15,2.65,2.93,3.2,2.68,2.75,3.2,2.62,2.88,3.1,2.63,2.97,3.3,2.74,2.86,3.18,2.65,2.35,1.57,2.42,1.61,2.45,1.64,2.38,1.59,0,2.03,1.87,2.05,1.87,2.05,1.88,2.01,1.85,2.45,3.2,3,2.5,3.1,2.95,2.55,3.2,2.9,2.57,3.25,3.06,2.4,3.2,3,2.55,3.2,2.9,2.76,3.37,3.15,2.57,3.24,2.92,2.2,1.65,2.3,1.68,2.35,1.75,2.22,1.68,0,1.7,2.1,1.8,2.15,1.92,2.19,1.83,2.03
SP1,08/10/2023,17:30,Celta,Getafe,2,2,D,2,2,D,26,3,11,2,14,20,13,1,1,8,0,1,2.05,3.1,4.2,2.05,3.2,3.9,2.05,3.15,4,2.07,3.23,4.23,2,3.2,4,2.05,3.1,4.2,2.1,3.26,4.3,2.06,3.2,4.11,2.5,1.5,2.62,1.53,2.63,1.56,2.57,1.51,-0.5,2.06,1.84,2.07,1.85,2.07,1.85,2.04,1.82,2,3.25,4.2,1.98,3.25,4,2,3.25,4.1,2.04,3.29,4.38,2,3.2,4,2,3.25,4.1,2.09,3.35,4.45,2.03,3.26,4.14,2.3,1.6,2.41,1.63,2.58,1.69,2.37,1.6,-0.5,2.03,1.9,2.04,1.89,2.05,1.9,2.02,1.84
SP1,08/10/2023,20:00,Granada,Barcelona,2,2,D,2,1,H,7,22,2,10,12,7,1,11,4,1,0,0,6.5,5.25,1.4,7,5,1.4,6.5,5.25,1.43,6.89,5.36,1.43,7,5,1.4,7,5.25,1.4,7.5,5.5,1.45,6.92,5.18,1.42,1.44,2.7,1.49,2.73,1.5,2.79,1.47,2.69,1.25,2.02,1.88,2.02,1.88,2.08,1.88,1.98,1.85,6.5,5.25,1.4,6.75,5,1.42,6.75,5.25,1.4,6.83,5.19,1.45,7,5,1.4,7,5.25,1.4,7.5,5.47,1.45,6.99,5.13,1.41,1.44,2.7,1.49,2.76,1.5,2.93,1.45,2.73,1.25,2,1.93,1.99,1.93,2.06,1.94,1.98,1.85
SP1,20/10/2023,20:00,Osasuna,Granada,2,0,H,1,0,H,12,13,6,3,19,13,1,7,3,4,0,1,1.73,3.8,4.75,1.73,3.75,4.6,1.73,3.85,4.7,1.72,3.99,5.13,1.73,3.75,4.6,1.7,3.9,4.8,1.77,4.03,5.2,1.73,3.87,4.89,1.89,2.01,1.88,2.02,1.93,2.04,1.86,1.97,-0.75,1.92,2.01,1.93,1.99,1.97,2.02,1.91,1.93,1.65,3.8,5.5,1.65,3.8,5.25,1.65,3.9,5.25,1.69,3.89,5.67,1.62,4,5.5,1.65,4,5.25,1.71,4.1,5.8,1.67,3.89,5.39,2.08,1.82,2.09,1.82,2.09,2.02,1.92,1.9,-0.75,1.91,2.02,1.88,2.04,1.96,2.07,1.84,2
SP1,21/10/2023,13:00,Sociedad,Mallorca,1,0,H,0,0,D,14,18,6,7,14,16,2,5,3,3,0,0,1.55,3.8,7,1.57,3.75,6.75,1.57,3.8,6.75,1.57,3.91,7.23,1.53,3.8,7,1.53,3.9,7,1.61,4,8,1.57,3.84,7.03,2.35,1.57,2.42,1.61,2.48,1.65,2.38,1.59,-1,2.03,1.87,2.04,1.87,2.05,1.88,2,1.85,1.65,3.5,6,1.63,3.5,6.25,1.63,3.6,6.25,1.69,3.59,6.36,1.53,3.8,7,1.62,3.6,6.5,1.73,3.9,7.5,1.64,3.62,6.5,2.6,1.48,2.68,1.53,2.8,1.64,2.55,1.53,-0.75,1.92,2.01,1.91,2.01,1.92,2.17,1.84,2.03
SP1,21/10/2023,15:15,Getafe,Betis,1,1,D,1,1,D,14,13,4,3,17,11,4,8,5,2,0,0,2.5,3,3.1,2.45,3.1,3,2.5,3.05,3.1,2.51,3.11,3.25,2.38,3.2,3.1,2.45,3.1,3.13,2.55,3.31,3.3,2.49,3.11,3.15,2.4,1.53,2.48,1.58,2.48,1.64,2.42,1.57,-0.25,2.11,1.79,2.12,1.81,2.12,1.87,2.08,1.78,2.45,3,3.25,2.37,3.1,3.2,2.4,3.05,3.3,2.49,3.15,3.29,2.38,3.2,3.1,2.3,3.2,3.3,2.5,3.3,3.6,2.39,3.14,3.29,2.35,1.57,2.43,1.62,2.47,1.65,2.34,1.61,-0.25,2.11,1.82,2.11,1.83,2.12,1.92,2.01,1.85
SP1,21/10/2023,17:30,Sevilla,Real Madrid,1,1,D,0,0,D,17,14,7,5,13,6,4,6,5,2,0,0,4.2,3.6,1.85,3.9,3.75,1.88,4.2,3.7,1.85,4.18,3.91,1.87,4,3.9,1.8,4.1,3.8,1.85,4.2,4.06,1.9,4.08,3.87,1.86,1.67,2.15,1.67,2.3,1.74,2.3,1.68,2.21,0.5,2.04,1.86,2.04,1.87,2.06,1.88,2.01,1.85,4.75,4,1.73,4.4,3.9,1.75,4.7,3.95,1.7,4.8,4.13,1.74,4.6,4.2,1.67,4.6,4.2,1.67,4.83,4.25,1.81,4.61,4.06,1.74,1.57,2.35,1.63,2.42,1.64,2.44,1.6,2.37,0.75,2,1.93,1.98,1.94,2.03,2,1.94,1.91
SP1,21/10/2023,20:00,Celta,Ath Madrid,0,3,A,0,1,A,16,12,3,7,10,10,7,5,3,2,1,0,3.5,3.5,2.1,3.4,3.4,2.1,3.55,3.55,2.05,3.65,3.53,2.12,3.5,3.5,2.05,3.6,3.4,2.1,3.8,3.66,2.15,3.58,3.49,2.11,2.03,1.87,2.01,1.88,2.06,1.89,2,1.84,0.25,2.07,1.83,2.09,1.83,2.09,1.84,2.04,1.8,3.3,3.5,2.15,3.3,3.4,2.15,3.55,3.5,2.05,3.43,3.55,2.23,3.4,3.5,2.1,3.5,3.5,2.1,3.79,3.62,2.25,3.45,3.48,2.14,1.97,1.93,1.97,1.93,2,2.05,1.93,1.9,0.25,2,1.93,1.99,1.93,2.11,1.93,2,1.84
SP1,22/10/2023,13:00,Las Palmas,Vallecano,0,1,A,0,0,D,12,12,6,4,13,11,10,5,4,3,0,1,2.63,3.1,2.8,2.65,3.1,2.8,2.65,3.15,2.85,2.71,3.12,2.96,2.6,3.2,2.75,2.63,3.1,2.88,2.73,3.34,3,2.66,3.14,2.87,2.25,1.62,2.35,1.65,2.38,1.68,2.29,1.63,0,1.87,2.03,1.87,2.04,1.87,2.05,1.85,2.01,2.55,3,3,2.6,3,2.95,2.6,3,2.95,2.66,3.04,3.15,2.5,3,3.1,2.6,3,3,2.76,3.1,3.15,2.64,3.03,3.02,2.5,1.5,2.67,1.53,2.67,1.58,2.53,1.53,0,1.78,2.16,1.81,2.15,1.87,2.17,1.81,2.07
SP1,22/10/2023,15:15,Girona,Almeria,5,2,H,3,2,H,19,9,8,5,11,14,9,6,1,2,0,0,1.45,4.5,7,1.47,4.6,6.5,1.45,4.8,6.5,1.47,4.89,6.71,1.44,4.8,6.5,1.44,4.8,6.5,1.51,5,7,1.47,4.81,6.6,1.53,2.4,1.54,2.59,1.56,2.66,1.52,2.53,-1.25,2,1.9,2.01,1.89,2.02,1.92,1.97,1.87,1.36,5,8,1.39,5,7.25,1.4,4.9,7.75,1.39,5.33,8.24,1.35,5,8,1.36,5,8.5,1.43,5.33,8.73,1.39,5.1,7.85,1.5,2.5,1.55,2.6,1.65,2.65,1.54,2.5,-1.25,1.78,2.03,1.82,2.1,1.88,2.12,1.82,2.03
SP1,22/10/2023,17:30,Villarreal,Alaves,1,1,D,0,0,D,12,16,3,7,15,10,9,3,4,3,0,0,1.7,3.75,5,1.71,3.75,4.8,1.73,3.8,4.8,1.74,3.98,4.95,1.67,3.8,5,1.7,3.75,5.25,1.75,4.01,5.25,1.73,3.85,4.96,1.97,1.93,1.96,1.93,1.98,1.96,1.94,1.89,-0.75,1.96,1.94,2.01,1.9,2.01,1.99,1.91,1.92,2,3.4,3.8,2.05,3.3,3.75,1.97,3.4,4,2.09,3.36,4.05,2,3.4,3.75,2.05,3.4,3.75,2.09,3.6,4.2,2.02,3.45,3.95,2.08,1.73,2.12,1.79,2.14,1.89,2.06,1.78,-0.5,2.09,1.84,2.09,1.85,2.09,1.91,2.02,1.85
SP1,22/10/2023,20:00,Barcelona,Ath Bilbao,1,0,H,0,0,D,12,10,7,3,11,18,4,7,3,3,0,0,1.62,4,5.5,1.62,4,5.25,1.65,4,5.25,1.68,4.14,5.16,1.62,4,5,1.65,4,5,1.71,4.25,5.5,1.67,4.09,5.13,1.73,2.08,1.76,2.14,1.83,2.19,1.74,2.12,-0.75,1.86,2.04,1.86,2.05,1.89,2.06,1.83,2.02,1.85,3.75,4,1.87,3.7,4,1.7,4,4.7,1.86,3.79,4.49,1.85,3.7,4,1.85,3.8,4.1,1.92,4,4.7,1.85,3.78,4.23,1.7,2.1,1.76,2.16,1.81,2.26,1.72,2.15,-0.5,1.87,2.06,1.86,2.07,1.92,2.15,1.84,2.02
SP1,23/10/2023,20:00,Valencia,Cadiz,2,0,H,2,0,H,12,5,4,4,16,16,4,6,0,3,0,1,1.75,3.6,5,1.77,3.5,4.75,1.77,3.55,4.9,1.78,3.6,5.29,1.73,3.6,5,1.7,3.4,4.8,1.84,3.75,5.4,1.77,3.57,5.03,2.2,1.65,2.33,1.66,2.34,1.71,2.26,1.65,-0.75,2.02,1.88,2.03,1.88,2.05,1.9,2,1.84,1.67,3.6,5.5,1.66,3.5,5.75,1.7,3.55,5.75,1.68,3.67,6.07,1.67,3.6,5.5,1.67,3.6,5.75,1.75,3.76,6.4,1.68,3.62,5.78,2.25,1.62,2.35,1.65,2.4,1.69,2.29,1.63,-0.75,1.89,2.04,1.9,2.02,1.97,2.05,1.87,1.97
SP1,27/10/2023,20:00,Girona,Celta,1,0,H,0,0,D,12,4,2,2,15,12,10,1,3,2,0,0,1.7,4.2,4.5,1.68,4,4.6,1.67,4.2,4.6,1.69,4.27,4.84,1.65,4.2,4.6,1.65,4.2,4.8,1.75,4.37,5.04,1.69,4.2,4.74,1.62,2.25,1.66,2.35,1.68,2.37,1.64,2.3,-0.75,1.88,2.05,1.88,2.04,1.9,2.12,1.85,2.01,1.7,4,4.5,1.73,3.9,4.4,1.73,4.1,4.5,1.75,4.12,4.63,1.67,4,4.75,1.7,4,4.75,1.77,4.32,5.07,1.72,4.09,4.6,1.65,2.2,1.69,2.29,1.7,2.42,1.65,2.26,-0.75,1.98,1.95,1.97,1.95,2,2.12,1.9,1.96
SP1,28/10/2023,13:00,Almeria,Las Palmas,1,2,A,0,1,A,10,10,4,3,13,19,3,2,3,1,0,0,2.25,3.5,3.1,2.3,3.4,3,2.3,3.45,3.05,2.37,3.46,3.15,2.25,3.5,3,2.3,3.4,3.13,2.43,3.6,3.22,2.33,3.46,3.1,1.97,1.93,1.99,1.9,2,1.94,1.95,1.88,-0.25,2.01,1.92,2.04,1.87,2.04,1.94,1.99,1.87,2.25,3.4,3.2,2.3,3.2,3.25,2.3,3.3,3.15,2.31,3.3,3.42,2.25,3.4,3.1,2.3,3.3,3.25,2.48,3.46,3.45,2.31,3.33,3.25,2.15,1.67,2.21,1.74,2.24,1.91,2.14,1.73,-0.25,1.96,1.97,1.98,1.94,2.03,1.97,1.96,1.88
SP1,28/10/2023,15:15,Barcelona,Real Madrid,1,2,A,1,0,H,15,13,3,4,15,15,6,3,2,1,0,0,2.55,3.6,2.6,2.5,3.6,2.6,2.6,3.6,2.55,2.55,3.66,2.76,2.5,3.6,2.6,2.55,3.6,2.63,2.69,3.78,2.78,2.55,3.66,2.68,1.57,2.35,1.61,2.41,1.67,2.49,1.6,2.4,0,1.91,2.02,1.88,2.03,1.98,2.03,1.9,1.97,2.5,3.4,2.7,2.5,3.4,2.7,2.6,3.45,2.6,2.58,3.49,2.83,2.5,3.6,2.62,2.55,3.5,2.7,2.7,3.68,2.84,2.59,3.53,2.7,1.7,2.1,1.79,2.13,1.82,2.32,1.7,2.16,0,1.88,2.05,1.87,2.06,1.96,2.06,1.91,1.96
SP1,28/10/2023,17:30,Mallorca,Getafe,0,0,D,0,0,D,15,8,4,0,10,25,8,3,0,1,0,0,2.25,3,3.5,2.25,3,3.5,2.3,3.05,3.55,2.35,3.03,3.67,2.25,3,3.5,2.3,3,3.5,2.37,3.17,3.8,2.31,3.03,3.61,2.88,1.4,2.92,1.44,2.92,1.47,2.8,1.44,-0.25,1.98,1.95,1.97,1.93,1.98,1.98,1.93,1.91,2.25,3,3.6,2.3,2.9,3.6,2.3,2.95,3.6,2.33,2.96,3.9,2.25,3,3.6,2.25,3,3.7,2.41,3.1,4.1,2.3,2.99,3.67,3.1,1.36,3.04,1.4,3.1,1.47,2.88,1.42,-0.25,1.95,1.98,1.94,1.98,2.02,1.98,1.91,1.93
SP1,28/10/2023,20:00,Cadiz,Sevilla,2,2,D,2,1,H,10,20,5,10,17,12,2,4,6,4,0,0,3.3,3.25,2.25,3.1,3.3,2.3,3.2,3.3,2.3,3.39,3.37,2.29,3.25,3.4,2.2,3.3,3.3,2.25,3.41,3.52,2.33,3.29,3.34,2.29,2.05,1.75,2.12,1.78,2.15,1.82,2.09,1.77,0.25,1.96,1.97,1.94,1.96,1.97,2,1.9,1.93,3.8,3.25,2.05,3.8,3.3,2,3.8,3.3,2.05,3.9,3.49,2.08,3.8,3.4,2,3.75,3.4,2.05,4.22,3.5,2.2,3.84,3.37,2.07,2.15,1.67,2.19,1.75,2.35,1.76,2.17,1.71,0.5,1.88,2.05,1.85,2.09,1.89,2.1,1.82,2.05
SP1,29/10/2023,13:00,Betis,Osasuna,2,1,H,1,0,H,9,7,2,1,10,25,6,3,3,4,0,0,2.05,3.5,3.6,2,3.4,3.7,2.1,3.4,3.55,2.1,3.4,3.89,2,3.4,3.7,2.05,3.4,3.75,2.12,3.56,3.92,2.08,3.41,3.74,2.1,1.7,2.18,1.74,2.23,1.77,2.15,1.72,-0.5,2.1,1.83,2.1,1.83,2.12,1.84,2.07,1.81,1.95,3.3,4.2,1.95,3.3,4,1.95,3.4,4.1,1.99,3.47,4.21,1.95,3.4,4,1.95,3.3,4.2,2.07,3.6,4.62,1.99,3.43,4.03,2.1,1.7,2.19,1.75,2.24,1.81,2.16,1.72,-0.5,1.99,1.94,2,1.93,2.05,1.97,1.99,1.88
SP1,29/10/2023,15:15,Vallecano,Sociedad,2,2,D,1,1,D,16,15,7,3,17,16,4,5,3,2,0,0,3.1,3.2,2.38,3,3.1,2.4,3.1,3.15,2.45,3.34,3.11,2.46,3.1,3.2,2.38,3.2,3.1,2.4,3.35,3.29,2.49,3.21,3.14,2.43,2.35,1.57,2.5,1.58,2.51,1.62,2.41,1.59,0.25,1.85,2.08,1.84,2.08,1.85,2.11,1.81,2.03,3.3,3.1,2.3,3.25,3.1,2.35,3.25,3.1,2.35,3.38,3.16,2.42,3.2,3.2,2.3,3.3,3.1,2.38,3.65,3.26,2.44,3.31,3.16,2.36,2.4,1.53,2.5,1.59,2.5,1.63,2.4,1.58,0.25,1.89,2.04,1.88,2.03,1.94,2.05,1.86,1.99
SP1,29/10/2023,17:30,Ath Bilbao,Valencia,2,2,D,1,0,H,12,11,7,5,11,10,10,4,3,1,0,0,1.62,3.8,5.75,1.68,3.7,5.25,1.63,3.85,5.5,1.64,3.96,5.95,1.62,3.8,5.5,1.62,3.8,5.75,1.69,4.01,6,1.65,3.87,5.72,2.08,1.73,2.1,1.79,2.16,1.83,2.08,1.75,-0.75,1.84,2.09,1.83,2.1,1.87,2.1,1.81,2.04,1.62,4,5.75,1.58,3.9,6,1.6,3.9,5.75,1.65,3.97,5.83,1.55,4,6,1.57,4,6,1.67,4.2,6.25,1.61,3.98,5.95,2.05,1.75,2.11,1.81,2.11,1.9,2.04,1.8,-1,2.08,1.73,2.16,1.78,2.16,1.85,2.06,1.8
SP1,29/10/2023,20:00,Ath Madrid,Alaves,2,1,H,2,0,H,11,8,7,1,10,11,4,4,3,2,0,0,1.4,4.75,8.5,1.36,4.8,8.75,1.35,5.25,8.5,1.4,4.96,8.74,1.35,4.75,9,1.36,4.8,9,1.43,5.25,9.5,1.39,4.89,8.71,1.89,2.01,1.88,2.01,1.91,2.07,1.83,2,-1.25,1.92,2.01,1.92,1.99,1.94,2.01,1.88,1.97,1.44,4.5,7.5,1.44,4.4,7.5,1.4,4.8,8,1.45,4.57,8.2,1.4,4.5,8,1.4,4.6,8,1.47,5.13,9.7,1.43,4.6,8.11,2.01,1.89,2,1.91,2.01,2.03,1.92,1.9,-1.25,2.09,1.84,2.08,1.85,2.09,2.06,1.98,1.86
SP1,30/10/2023,20:00,Granada,Villarreal,2,3,A,2,3,A,18,6,8,5,14,15,4,1,0,4,0,0,3.1,3.5,2.25,2.85,3.6,2.35,2.95,3.55,2.3,3.16,3.62,2.29,2.88,3.6,2.3,2.9,3.5,2.2,3.17,3.8,2.39,3.02,3.6,2.31,1.7,2.1,1.72,2.2,1.75,2.25,1.71,2.17,0.25,1.93,2,1.92,1.99,1.93,2.01,1.86,1.97,3,3.5,2.3,2.87,3.6,2.35,2.9,3.6,2.3,2.99,3.64,2.39,2.88,3.6,2.3,3,3.6,2.3,3.45,3.65,2.43,2.98,3.58,2.35,1.62,2.25,1.67,2.33,1.74,2.36,1.67,2.24,0.25,1.83,2.1,1.85,2.08,1.94,2.1,1.83,2.01
SP1,03/11/2023,20:00,Las Palmas,Ath Madrid,2,1,H,0,0,D,9,13,3,5,12,9,3,4,0,3,0,0,5.75,3.6,1.65,5.5,3.7,1.66,5.5,3.7,1.65,5.74,3.85,1.68,5.8,3.75,1.57,5.75,3.8,1.62,6.15,3.91,1.69,5.7,3.79,1.66,2.1,1.7,2.18,1.75,2.23,1.81,2.12,1.75,0.75,2.05,1.88,2.04,1.88,2.06,1.89,2.01,1.83,5.25,3.6,1.7,5.25,3.7,1.68,5.5,3.7,1.67,5.56,3.69,1.72,5.5,3.7,1.62,5.5,3.8,1.65,6.12,4.03,1.75,5.52,3.74,1.69,2.1,1.7,2.18,1.75,2.23,1.85,2.12,1.75,0.75,1.97,1.96,1.96,1.96,2.09,2,1.97,1.87
SP1,04/11/2023,13:00,Osasuna,Girona,2,4,A,1,1,D,15,11,3,4,14,10,2,7,5,3,0,0,2.9,3.4,2.4,2.8,3.4,2.45,2.85,3.4,2.45,2.88,3.47,2.51,2.75,3.4,2.38,2.88,3.4,2.45,2.97,3.58,2.54,2.88,3.45,2.47,1.98,1.92,1.95,1.93,2,1.96,1.94,1.89,0,2.14,1.8,2.1,1.83,2.17,1.83,2.09,1.79,2.9,3.3,2.45,2.87,3.2,2.5,2.85,3.25,2.5,2.99,3.31,2.56,2.7,3.3,2.5,2.9,3.4,2.45,3.06,3.5,2.63,2.91,3.33,2.51,2.05,1.75,2.11,1.8,2.16,1.97,1.99,1.85,0.25,1.73,2.08,1.76,2.19,1.82,2.21,1.75,2.11
SP1,04/11/2023,15:15,Betis,Mallorca,2,0,H,1,0,H,22,8,3,1,13,16,6,1,1,4,0,1,1.91,3.3,4.5,1.9,3.4,4.2,1.95,3.35,4.3,1.93,3.37,4.52,1.83,3.4,4.2,1.91,3.3,4.5,1.96,3.54,4.7,1.92,3.4,4.42,2.3,1.6,2.38,1.63,2.41,1.66,2.34,1.62,-0.5,1.94,1.99,1.94,1.96,1.94,2,1.91,1.95,1.91,3.3,4.5,1.87,3.3,4.5,1.9,3.35,4.5,1.9,3.45,4.68,1.83,3.4,4.33,1.85,3.4,4.6,1.91,3.5,5.25,1.88,3.39,4.63,2.3,1.6,2.35,1.66,2.44,1.69,2.32,1.62,-0.5,1.9,2.03,1.91,2.02,1.92,2.07,1.88,1.99
SP1,04/11/2023,17:30,Celta,Sevilla,1,1,D,1,0,H,15,13,3,5,14,10,4,6,2,5,1,0,2.6,3.4,2.7,2.45,3.4,2.8,2.55,3.4,2.75,2.58,3.49,2.79,2.5,3.4,2.62,2.6,3.3,2.75,2.63,3.58,2.82,2.57,3.43,2.77,1.95,1.95,1.95,1.93,1.99,1.96,1.93,1.9,0,1.91,2.02,1.88,2.03,1.92,2.03,1.87,1.99,2.38,3.4,3.1,2.35,3.3,3,2.4,3.4,2.95,2.41,3.41,3.13,2.3,3.3,3,2.4,3.4,2.9,2.49,3.46,3.2,2.4,3.39,3.03,2.02,1.88,2.05,1.86,2.13,1.97,1.98,1.85,-0.25,2.06,1.87,2.08,1.85,2.1,1.88,2.05,1.82
SP1,04/11/2023,20:00,Sociedad,Barcelona,0,1,A,0,0,D,13,12,6,4,16,8,8,3,3,3,0,0,3.1,3.5,2.25,3.1,3.5,2.2,3.1,3.5,2.25,3.37,3.55,2.2,3.1,3.5,2.15,3.25,3.5,2.2,3.41,3.68,2.29,3.26,3.5,2.23,1.93,1.97,1.93,1.95,1.96,1.98,1.9,1.93,0.25,1.99,1.94,2,1.91,2,1.95,1.94,1.89,3.25,3.4,2.2,3.3,3.25,2.25,3.3,3.35,2.25,3.38,3.29,2.33,3.25,3.3,2.15,3.4,3.3,2.2,3.74,3.49,2.35,3.33,3.36,2.26,2.08,1.73,2.13,1.79,2.19,1.95,2.05,1.8,0.25,1.92,2.01,1.93,2,2.06,2.02,1.92,1.93
SP1,05/11/2023,13:00,Alaves,Almeria,1,0,H,0,0,D,23,9,3,3,13,14,12,6,2,3,0,0,1.75,3.75,4.75,1.8,3.6,4.33,1.77,3.75,4.5,1.78,3.8,4.75,1.75,3.6,4.4,1.75,3.6,4.8,1.82,3.91,5,1.79,3.76,4.63,2.01,1.89,1.98,1.91,2.04,1.93,1.96,1.87,-0.75,2.05,1.88,2.02,1.88,2.07,1.91,2,1.85,1.7,3.75,5,1.7,3.75,5,1.73,3.75,4.8,1.77,3.77,4.99,1.7,3.7,4.6,1.73,3.75,5,1.82,4,5.4,1.75,3.78,4.91,2.03,1.87,2,1.91,2.06,1.92,1.96,1.87,-0.75,1.92,2.01,2.01,1.92,2.06,2.01,1.95,1.9
SP1,05/11/2023,15:15,Valencia,Granada,1,0,H,1,0,H,11,6,2,1,20,15,0,4,3,5,0,0,1.65,4,5,1.65,3.9,5.25,1.65,4,5.25,1.66,4.13,5.24,1.6,4,5,1.62,4,5.25,1.69,4.25,5.5,1.65,4.07,5.23,1.91,1.99,1.93,1.96,1.93,2.05,1.86,1.97,-0.75,1.85,2.08,1.84,2.07,1.87,2.09,1.82,2.03,1.6,4.2,5.25,1.63,4,5.25,1.63,4.1,5.25,1.67,4.15,5.29,1.55,4,5.5,1.62,4,5.5,1.67,4.4,6.25,1.63,4.16,5.36,1.82,2.08,1.85,2.06,1.86,2.14,1.81,2.03,-1,2.03,1.78,2.16,1.78,2.16,1.93,2.07,1.81
SP1,05/11/2023,17:30,Villarreal,Ath Bilbao,2,3,A,0,3,A,17,17,6,7,11,18,9,3,4,4,0,0,2.8,3.6,2.4,2.9,3.5,2.3,2.9,3.55,2.35,3.06,3.58,2.34,2.8,3.6,2.25,2.9,3.5,2.38,3.13,3.72,2.42,2.98,3.58,2.36,1.84,2.06,1.85,2.04,1.93,2.06,1.82,1.99,0.25,1.8,2.14,1.87,2.04,1.87,2.14,1.83,2.02,3.75,3.8,1.91,3.6,3.75,1.95,3.6,3.8,1.95,3.82,3.94,1.95,3.6,3.7,1.91,3.8,3.75,1.93,3.85,3.95,2.25,3.61,3.79,2.01,1.6,2.3,1.67,2.33,1.78,2.38,1.68,2.24,0.5,1.98,1.95,1.96,1.96,2,2.1,1.88,1.99
SP1,05/11/2023,20:00,Real Madrid,Vallecano,0,0,D,0,0,D,22,4,5,0,12,15,11,1,3,5,0,0,1.29,5.5,12,1.27,6,10.5,1.27,6,10,1.27,6.24,10.53,1.22,6,11,1.25,6,12,1.31,6.6,12,1.28,6.08,10.82,1.53,2.4,1.53,2.58,1.55,2.63,1.53,2.51,-1.75,2.04,1.89,2.02,1.87,2.05,1.91,2,1.85,1.22,6.5,12,1.23,6.5,12,1.25,6.25,11,1.22,6.9,13.8,1.17,6.5,15,1.2,6.5,15,1.25,7.2,15,1.22,6.77,13.56,1.48,2.6,1.51,2.63,1.54,2.79,1.49,2.64,-1.75,1.86,2.07,1.86,2.05,1.86,2.11,1.82,2.04
SP1,06/11/2023,20:00,Getafe,Cadiz,1,0,H,0,0,D,13,6,3,2,18,12,6,3,7,1,1,0,1.91,3.1,4.75,1.93,3.2,4.5,1.95,3.2,4.6,1.93,3.19,4.88,1.91,3.1,4.5,1.87,3.1,4.33,1.98,3.37,4.9,1.93,3.21,4.67,2.7,1.44,2.81,1.47,2.82,1.5,2.73,1.46,-0.5,1.95,1.98,1.94,1.96,1.98,1.98,1.92,1.94,2,3,4.33,1.95,3.1,4.4,1.97,3.15,4.4,2.08,3.1,4.41,1.91,3.1,4.4,2,3.2,4.2,2.11,3.29,4.9,2,3.15,4.47,2.7,1.44,2.82,1.48,2.82,1.5,2.7,1.47,-0.5,2.11,1.82,2.09,1.85,2.13,1.95,2,1.87
SP1,10/11/2023,20:00,Ath Bilbao,Celta,4,3,H,2,2,D,21,13,12,5,15,13,7,2,2,2,0,0,1.67,3.8,5,1.65,4,5,1.67,4,4.9,1.69,4.17,5.04,1.6,4,5,1.67,4,5,1.73,4.21,5.95,1.68,4.05,5.07,1.73,2.08,1.76,2.17,1.83,2.2,1.75,2.12,-0.75,1.9,2.03,1.88,2.05,1.92,2.15,1.84,2.01,1.67,3.8,4.75,1.68,4,4.75,1.65,4.1,5,1.71,4.04,5.04,1.62,4,4.75,1.67,4,5,1.72,4.2,5.29,1.68,4.06,4.97,1.7,2.1,1.74,2.2,1.81,2.25,1.71,2.16,-0.75,1.91,2.02,1.92,2.01,1.92,2.03,1.85,2
SP1,11/11/2023,13:00,Vallecano,Girona,1,2,A,1,1,D,22,19,9,7,15,13,8,3,1,2,0,0,2.88,3.5,2.4,2.8,3.6,2.37,2.85,3.5,2.4,2.92,3.48,2.48,2.7,3.5,2.38,2.88,3.5,2.4,2.97,3.7,2.5,2.88,3.51,2.45,1.85,2.05,1.84,2.06,1.87,2.1,1.83,2.01,0.25,1.75,2.05,1.78,2.14,1.81,2.14,1.77,2.08,2.88,3.4,2.45,2.95,3.3,2.4,3,3.4,2.35,2.99,3.5,2.46,2.9,3.4,2.3,2.9,3.5,2.38,3.15,3.55,2.55,3.01,3.45,2.39,1.94,1.96,1.92,1.99,1.97,2,1.88,1.96,0.25,1.82,2.11,1.81,2.13,1.86,2.16,1.82,2.05
SP1,11/11/2023,15:15,Almeria,Sociedad,1,3,A,0,0,D,7,18,2,6,18,19,5,5,2,2,0,0,4.75,3.8,1.73,4.4,3.9,1.75,4.6,3.9,1.73,4.83,4.01,1.72,4.5,3.9,1.67,4.8,3.9,1.7,4.9,4.1,1.78,4.71,3.95,1.73,1.85,2.05,1.87,2.02,1.89,2.07,1.82,2.02,0.75,1.96,1.94,1.95,1.95,2.01,1.97,1.92,1.91,4.2,3.6,1.8,4.2,3.7,1.82,4.2,3.75,1.83,4.38,3.8,1.85,4.2,3.7,1.75,4.2,3.75,1.83,4.8,3.9,1.87,4.33,3.76,1.83,1.85,2.05,1.87,2.04,1.9,2.07,1.85,1.98,0.75,1.75,2.05,1.81,2.12,1.87,2.13,1.8,2.06
SP1,11/11/2023,17:30,Granada,Getafe,1,1,D,1,1,D,12,10,6,6,14,9,3,5,4,2,0,0,2.5,3.1,3,2.5,3.2,2.9,2.5,3.2,2.95,2.58,3.16,3.04,2.45,3.1,2.88,2.55,3.2,2.9,2.63,3.33,3.08,2.55,3.18,2.98,2.3,1.6,2.38,1.63,2.41,1.67,2.34,1.62,0,1.79,2.11,1.8,2.13,1.81,2.13,1.79,2.09,2.45,3.1,3.1,2.45,3.1,3.1,2.45,3.1,3.1,2.49,3.19,3.19,2.38,3.1,3,2.4,3.2,3.1,2.66,3.25,3.26,2.5,3.14,3.11,2.25,1.62,2.34,1.66,2.38,1.69,2.3,1.63,-0.25,2.11,1.82,2.13,1.82,2.19,1.83,2.09,1.78
SP1,11/11/2023,17:30,Osasuna,Las Palmas,1,1,D,0,0,D,11,6,3,1,25,10,8,3,1,1,0,0,1.95,3.4,4,1.95,3.3,4.1,1.97,3.35,4.1,2,3.25,4.42,1.91,3.3,4,2,3.3,4.2,2.05,3.5,4.5,1.99,3.32,4.21,2.3,1.6,2.41,1.62,2.44,1.67,2.35,1.61,-0.5,2,1.9,2.01,1.9,2.02,1.91,1.98,1.87,1.91,3.2,4.5,1.95,3.25,4.2,1.95,3.25,4.3,1.97,3.36,4.47,1.91,3.2,4.2,1.93,3.3,4.33,2.09,3.5,4.62,1.96,3.3,4.36,2.35,1.57,2.43,1.62,2.5,1.63,2.39,1.59,-0.5,1.99,1.94,1.98,1.94,2,1.97,1.96,1.9
SP1,11/11/2023,20:00,Real Madrid,Valencia,5,1,H,2,0,H,16,10,7,4,7,26,4,4,1,3,0,0,1.33,5.5,8.5,1.34,5.25,8.5,1.33,5.5,8.75,1.32,5.6,9.7,1.29,5.5,9.5,1.3,5.5,10,1.36,5.8,10.25,1.33,5.48,9.41,1.6,2.3,1.65,2.35,1.7,2.41,1.63,2.31,-1.5,1.96,1.94,1.96,1.93,2.01,1.98,1.95,1.92,1.33,5.75,7.5,1.33,5.25,9,1.35,5.5,8.25,1.32,5.79,10.11,1.29,5.5,9,1.3,5.5,9.5,1.37,6.1,10.75,1.34,5.46,9.08,1.57,2.35,1.62,2.44,1.71,2.49,1.62,2.33,-1.5,1.94,1.99,1.93,1.99,2.11,1.99,1.98,1.89
SP1,12/11/2023,15:15,Barcelona,Alaves,2,1,H,0,1,A,11,8,6,1,11,10,2,1,2,1,0,0,1.25,6,11,1.24,6.25,11.5,1.25,6.25,12,1.24,6.51,11.82,1.22,5.8,12,1.25,6,13,1.29,6.8,13,1.25,6.32,11.97,1.57,2.35,1.61,2.4,1.62,2.5,1.57,2.41,-1.75,1.96,1.94,1.97,1.92,1.99,1.97,1.93,1.91,1.25,6.5,9.5,1.27,6,11,1.25,6.25,12,1.25,6.51,12.09,1.2,6.5,11,1.25,6,13,1.28,6.83,13,1.25,6.17,11.78,1.57,2.35,1.62,2.41,1.66,2.47,1.6,2.34,-1.75,1.99,1.91,2.01,1.9,2.04,1.98,1.95,1.88
SP1,12/11/2023,17:30,Sevilla,Betis,1,1,D,0,0,D,13,14,4,6,18,14,9,5,1,1,0,0,2.05,3.5,3.6,2.05,3.5,3.4,2.1,3.5,3.5,2.17,3.52,3.46,2.05,3.5,3.3,2.15,3.4,3.4,2.18,3.68,3.6,2.13,3.53,3.47,1.95,1.95,1.95,1.93,2,1.96,1.93,1.91,-0.25,1.85,2.05,1.88,2.03,1.89,2.08,1.83,2.02,2.15,3.5,3.3,2.15,3.4,3.25,2.2,3.5,3.25,2.24,3.46,3.42,2.05,3.6,3.25,2.15,3.5,3.3,2.25,3.6,3.56,2.17,3.5,3.31,1.93,1.97,1.94,1.96,1.99,2.03,1.87,1.94,-0.25,1.93,1.97,1.93,1.99,1.95,2.05,1.88,1.96
SP1,12/11/2023,20:00,Ath Madrid,Villarreal,3,1,H,1,1,D,25,11,10,7,8,8,6,3,0,2,0,0,1.36,5.5,7.5,1.36,5.25,7.75,1.37,5.5,7.5,1.38,5.43,7.71,1.33,5,8,1.33,5.25,8.5,1.41,5.6,8.5,1.37,5.33,7.92,1.5,2.5,1.52,2.63,1.53,2.66,1.5,2.57,-1.5,2.02,1.88,2.04,1.87,2.05,1.9,2,1.86,1.33,5.75,8,1.35,5.5,7.5,1.35,5.5,7.75,1.34,5.81,8.91,1.3,5.5,8,1.33,5.5,8.5,1.37,5.9,9,1.34,5.62,8.41,1.44,2.7,1.45,2.89,1.49,2.95,1.45,2.77,-1.5,1.93,1.97,1.92,2.01,2,2.04,1.92,1.94
SP1,24/11/2023,20:00,Alaves,Granada,3,1,H,2,0,H,8,11,5,4,10,13,6,2,1,3,0,0,1.7,3.6,5,1.72,3.6,5,1.73,3.75,4.9,1.76,3.74,5.15,1.65,3.7,5,1.7,3.75,5.25,1.8,3.91,5.3,1.74,3.74,5.05,2.1,1.7,2.16,1.76,2.16,1.85,2.05,1.79,-0.75,2,1.93,2,1.93,2,1.98,1.94,1.91,1.7,3.6,5.25,1.72,3.5,5.25,1.7,3.65,5.5,1.74,3.67,5.45,1.65,3.7,5,1.67,3.7,5.5,1.77,3.78,5.8,1.71,3.66,5.34,2.25,1.62,2.35,1.66,2.4,1.74,2.23,1.67,-0.75,1.97,1.96,1.98,1.94,2.02,1.97,1.92,1.92
SP1,25/11/2023,13:00,Vallecano,Barcelona,1,1,D,1,0,H,10,15,4,4,23,13,1,4,3,4,0,0,5.25,4,1.65,5,4,1.65,5,4,1.65,5.39,4.09,1.65,4.8,4.2,1.6,5.25,4,1.65,5.4,4.3,1.68,5.13,4.13,1.65,1.73,2.08,1.75,2.15,1.77,2.2,1.73,2.14,0.75,2.09,1.84,2.09,1.83,2.09,1.84,2.04,1.81,5,4,1.67,4.75,4,1.66,4.8,4.1,1.67,5,4.25,1.68,5,4,1.6,4.8,4.2,1.65,5.2,4.3,1.71,4.89,4.15,1.68,1.65,2.2,1.67,2.31,1.77,2.36,1.66,2.26,0.75,2.08,1.85,2.07,1.86,2.08,1.89,2.01,1.83
SP1,25/11/2023,15:15,Valencia,Celta,0,0,D,0,0,D,8,13,0,1,13,7,5,7,3,2,0,0,2.2,3.25,3.5,2.1,3.4,3.4,2.2,3.35,3.45,2.19,3.43,3.51,2.1,3.4,3.25,2.15,3.4,3.4,2.22,3.5,3.6,2.18,3.39,3.47,2.08,1.73,2.12,1.78,2.2,1.8,2.11,1.75,-0.25,1.89,2.04,1.89,2.02,1.9,2.05,1.85,1.99,2.25,3.25,3.4,2.25,3.25,3.3,2.2,3.3,3.45,2.3,3.32,3.44,2.1,3.4,3.25,2.15,3.4,3.4,2.31,3.56,3.66,2.21,3.34,3.46,2.1,1.7,2.17,1.76,2.2,1.81,2.13,1.74,-0.25,1.98,1.95,1.97,1.95,2.01,2.06,1.89,1.96
SP1,25/11/2023,17:30,Getafe,Almeria,2,1,H,2,1,H,18,13,5,4,12,8,3,6,2,4,0,0,1.65,3.75,5.5,1.66,3.8,5.25,1.67,3.8,5.25,1.68,3.86,5.46,1.62,3.8,5.5,1.65,3.8,5.5,1.72,3.96,5.7,1.68,3.82,5.41,2.07,1.83,2.07,1.83,2.1,1.83,2.02,1.8,-0.75,1.89,2.04,1.89,2.02,1.89,2.04,1.86,1.98,1.73,3.6,5,1.75,3.6,4.75,1.75,3.65,4.8,1.78,3.68,5.06,1.67,3.7,4.8,1.75,3.6,5,1.86,3.7,5.13,1.77,3.61,4.85,2.08,1.73,2.12,1.79,2.24,1.84,2.08,1.76,-0.75,2.02,1.91,2.03,1.89,2.05,1.93,1.99,1.85
SP1,25/11/2023,20:00,Ath Madrid,Mallorca,1,0,H,0,0,D,20,8,3,1,8,19,7,3,0,0,0,0,1.33,5,9.5,1.36,4.8,8.75,1.37,4.8,8.75,1.37,4.89,9.37,1.33,4.75,8.5,1.36,4.75,9.5,1.4,5,10,1.38,4.83,9.17,1.97,1.93,1.96,1.93,2,1.94,1.94,1.89,-1.25,1.92,2.01,1.9,2.01,1.92,2.01,1.88,1.96,1.36,5,8,1.36,5,8.75,1.35,4.9,8.75,1.36,5.1,9.85,1.33,4.8,8.5,1.33,5,10,1.38,5.33,10,1.35,5.01,9.36,1.91,1.99,1.89,2.01,1.93,2.13,1.85,1.98,-1.5,2.03,1.78,2.11,1.81,2.16,1.89,2.07,1.79
SP1,26/11/2023,13:00,Villarreal,Osasuna,3,1,H,0,0,D,10,15,3,7,9,14,2,4,0,0,0,0,2.15,3.5,3.3,2.15,3.5,3.25,2.2,3.5,3.25,2.17,3.49,3.5,2.15,3.5,3.1,2.15,3.4,3.4,2.22,3.62,3.53,2.17,3.52,3.38,1.88,2.02,1.88,2.01,1.93,2.04,1.86,1.97,-0.25,1.89,2.04,1.88,2.03,1.9,2.04,1.85,1.99,2.15,3.5,3.3,2.1,3.4,3.4,2.15,3.45,3.35,2.2,3.46,3.52,2.15,3.5,3.1,2.15,3.5,3.4,2.21,3.58,3.7,2.16,3.47,3.45,2.02,1.88,2,1.9,2.02,1.93,1.95,1.88,-0.25,1.9,2.03,1.9,2.03,1.91,2.1,1.85,2
SP1,26/11/2023,15:15,Sociedad,Sevilla,2,1,H,2,0,H,11,8,8,2,22,8,4,4,2,1,0,2,1.75,3.6,4.75,1.77,3.7,4.5,1.77,3.65,4.7,1.76,3.76,4.92,1.7,3.6,4.75,1.75,3.6,5,1.8,3.88,5.3,1.76,3.71,4.89,2.07,1.83,2.06,1.84,2.11,1.89,2.04,1.8,-0.75,2.02,1.91,2.01,1.9,2.04,1.91,1.97,1.87,1.57,3.8,5.75,1.65,3.75,5.5,1.63,3.85,5.75,1.63,3.95,6.09,1.6,3.75,5.5,1.62,3.8,6,1.7,4.05,6.4,1.64,3.85,5.81,2.05,1.75,2.11,1.81,2.26,1.85,2.07,1.79,-0.75,1.8,2.14,1.81,2.12,1.84,2.14,1.8,2.05
SP1,26/11/2023,17:30,Cadiz,Real Madrid,0,3,A,0,1,A,13,14,4,5,16,16,4,4,3,3,0,0,6,4.5,1.5,6.25,4.4,1.5,6.25,4.5,1.5,6.67,4.68,1.48,6,4.4,1.5,6.5,4.5,1.5,6.9,4.8,1.53,6.48,4.54,1.5,1.73,2.08,1.77,2.13,1.79,2.2,1.74,2.12,1,2.1,1.83,2.11,1.81,2.11,1.86,2.05,1.81,6.5,4.75,1.45,7,4.5,1.46,6.5,4.5,1.47,6.9,4.7,1.48,6.5,4.33,1.44,7.5,4.5,1.44,7.5,4.86,1.5,6.99,4.6,1.47,1.75,2.05,1.8,2.1,2.08,2.14,1.8,2.05,1.25,1.85,2.08,1.84,2.1,1.88,2.13,1.83,2.03
SP1,26/11/2023,20:00,Betis,Las Palmas,1,0,H,1,0,H,12,15,6,4,7,12,7,6,1,2,0,0,1.7,3.75,5.25,1.7,3.7,5.25,1.7,3.7,5.25,1.65,3.91,5.66,1.65,3.7,5,1.67,3.75,5.5,1.71,4,6.56,1.68,3.8,5.52,2.1,1.7,2.14,1.76,2.17,1.78,2.12,1.74,-0.75,1.9,2.03,1.85,2.06,1.92,2.06,1.85,2,1.67,3.75,5.75,1.7,3.6,5.25,1.7,3.7,5.5,1.72,3.74,5.55,1.65,3.7,5,1.67,3.75,5.5,1.72,3.89,6,1.69,3.74,5.5,2.1,1.7,2.19,1.74,2.25,1.81,2.13,1.74,-0.75,1.94,1.99,1.94,1.98,1.99,2.05,1.89,1.96
SP1,27/11/2023,20:00,Girona,Ath Bilbao,1,1,D,0,0,D,12,13,2,6,8,16,2,6,1,1,0,0,2.25,3.5,3.1,2.25,3.6,2.95,2.25,3.6,3,2.32,3.69,3.01,2.25,3.6,2.88,2.2,3.5,2.88,2.35,3.8,3.15,2.28,3.66,3.01,1.65,2.2,1.68,2.29,1.71,2.33,1.67,2.23,-0.25,2.01,1.92,2.03,1.88,2.03,1.92,1.97,1.87,2.2,3.6,3.1,2.2,3.5,3.1,2.2,3.6,3.1,2.27,3.66,3.17,2.15,3.6,3,2.25,3.6,3.1,2.35,3.79,3.57,2.23,3.61,3.13,1.67,2.15,1.73,2.2,1.79,2.38,1.67,2.22,-0.25,1.99,1.94,1.98,1.94,2,2.05,1.93,1.91
SP1,29/11/2023,20:00,Mallorca,Cadiz,1,1,D,1,1,D,16,6,3,3,14,18,7,0,2,3,0,0,1.95,3.2,4.33,1.98,3.2,4.2,1.97,3.25,4.2,1.99,3.21,4.56,1.91,3.3,4.2,1.95,3.2,4.4,2.04,3.39,4.75,1.98,3.24,4.38,2.5,1.5,2.67,1.52,2.67,1.54,2.57,1.52,-0.5,2,1.9,2,1.91,2,1.94,1.96,1.9,1.83,3.3,4.75,1.85,3.2,4.8,1.9,3.3,4.6,1.87,3.33,5.15,1.85,3.1,4.75,1.87,3.25,4.8,1.98,3.4,5.15,1.89,3.29,4.78,2.5,1.5,2.63,1.54,2.66,1.58,2.56,1.52,-0.5,1.86,2.04,1.88,2.05,1.98,2.06,1.89,1.98
SP1,01/12/2023,20:00,Las Palmas,Getafe,2,0,H,1,0,H,11,12,6,4,11,9,4,4,0,5,0,1,2.38,2.9,3.4,2.4,2.9,3.3,2.4,2.95,3.35,2.49,2.95,3.48,2.38,3,3.2,2.45,2.9,3.4,2.52,3.13,3.52,2.45,2.95,3.41,2.88,1.4,3.07,1.41,3.07,1.45,2.91,1.42,-0.25,2.09,1.84,2.09,1.85,2.09,1.91,2.02,1.82,2.38,2.88,3.4,2.45,2.85,3.3,2.4,2.95,3.35,2.41,2.98,3.62,2.3,2.9,3.4,2.38,2.9,3.5,2.56,3,3.65,2.42,2.94,3.46,2.88,1.4,3.06,1.41,3.1,1.44,2.94,1.41,-0.25,2.03,1.9,2.02,1.9,2.09,1.91,2.01,1.84
SP1,02/12/2023,13:00,Girona,Valencia,2,1,H,0,0,D,9,9,5,3,6,7,3,2,2,3,0,0,1.7,4,4.75,1.7,3.9,4.75,1.7,3.95,4.8,1.71,3.97,5,1.65,3.9,4.75,1.67,3.9,5.25,1.73,4.17,5.3,1.7,3.99,4.99,1.86,2.04,1.83,2.05,1.87,2.08,1.82,2.03,-0.75,1.93,2,1.92,1.99,1.95,2.03,1.88,1.97,1.62,4,5.25,1.66,3.9,5,1.63,4,5.25,1.67,4.02,5.48,1.65,3.9,4.75,1.65,4,5.25,1.7,4.11,5.84,1.65,4,5.36,1.92,1.98,1.91,2,1.95,2.03,1.86,1.98,-0.75,1.87,2.06,1.86,2.07,1.88,2.12,1.82,2.04
SP1,02/12/2023,15:15,Ath Bilbao,Vallecano,4,0,H,1,0,H,9,11,4,3,15,11,7,2,1,2,0,0,1.57,4.2,5.75,1.61,4.1,5.25,1.6,4.1,5.5,1.57,4.32,5.92,1.57,4,5.5,1.57,4.2,5.75,1.65,4.4,6.2,1.59,4.22,5.72,1.82,2.08,1.81,2.07,1.87,2.11,1.81,2.03,-1,2.03,1.9,1.99,1.92,2.05,1.92,1.99,1.86,1.44,4.75,7,1.44,4.6,6.75,1.47,4.5,7,1.48,4.77,6.9,1.4,4.5,7,1.44,4.6,7,1.49,5,8,1.46,4.71,7.04,1.65,2.2,1.71,2.25,1.76,2.34,1.68,2.21,-1.25,2.06,1.87,2.05,1.88,2.12,1.88,2.01,1.84
SP1,02/12/2023,17:30,Real Madrid,Granada,2,0,H,1,0,H,11,1,4,0,10,12,6,0,2,1,0,0,1.17,8,15,1.17,8,15.5,1.17,7.75,15,1.16,8.84,14.66,1.11,8.5,17,1.15,8,17,1.18,9.4,19,1.16,8.44,15.7,1.33,3.4,1.36,3.27,1.39,3.4,1.36,3.16,-2.25,2.08,1.85,2.04,1.85,2.11,1.93,2.01,1.84,1.17,7.5,13,1.18,8,14,1.15,7.75,18,1.19,7.75,15,1.11,9,15,1.14,8,17,1.2,9,19,1.17,7.97,15.83,1.33,3.4,1.36,3.32,1.39,3.41,1.35,3.21,-2.25,2.07,1.86,2.07,1.85,2.11,1.94,2.02,1.84
SP1,02/12/2023,20:00,Osasuna,Sociedad,1,1,D,1,1,D,9,17,3,5,12,10,1,8,3,3,0,0,3.4,3.25,2.2,3.4,3.2,2.2,3.35,3.2,2.25,3.75,3.24,2.18,3.3,3.2,2.2,3.6,3.2,2.2,3.82,3.37,2.3,3.57,3.23,2.23,2.35,1.57,2.46,1.6,2.48,1.63,2.42,1.58,0.25,2.03,1.9,2.05,1.86,2.05,1.93,1.96,1.87,3.8,3.1,2.15,3.75,3.1,2.15,3.9,3.15,2.1,4,3.17,2.16,3.6,3.2,2.05,3.8,3.2,2.1,4.16,3.26,2.22,3.86,3.15,2.13,2.5,1.5,2.65,1.53,2.65,1.55,2.53,1.52,0.25,2.11,1.82,2.1,1.84,2.18,1.88,2.05,1.79
SP1,03/12/2023,13:00,Mallorca,Alaves,0,0,D,0,0,D,7,7,3,4,16,15,5,4,4,2,0,0,2.45,3,3.25,2.35,3,3.3,2.4,3,3.25,2.47,2.99,3.41,2.4,3,3.1,2.45,3,3.25,2.52,3.17,3.45,2.46,3.01,3.32,2.7,1.44,2.89,1.44,2.89,1.5,2.77,1.45,-0.25,2.11,1.82,2.08,1.84,2.12,1.88,2.05,1.8,2.6,2.9,3.1,2.65,2.85,3,2.55,2.95,3.15,2.75,2.9,3.13,2.45,3,3,2.7,2.88,3,2.76,3,3.37,2.62,2.9,3.11,2.88,1.4,3.04,1.42,3.04,1.44,2.86,1.42,0,1.83,2.1,1.84,2.1,1.85,2.18,1.77,2.1
SP1,03/12/2023,15:15,Almeria,Betis,0,0,D,0,0,D,20,6,8,2,12,8,4,6,0,3,0,1,3.2,3.6,2.2,3.2,3.6,2.15,3.2,3.6,2.15,3.36,3.66,2.16,3.1,3.7,2.1,3.25,3.6,2.15,3.45,3.73,2.23,3.28,3.63,2.18,1.7,2.1,1.75,2.16,1.8,2.18,1.74,2.12,0.25,2.02,1.91,2.02,1.88,2.02,1.94,1.96,1.87,3.6,3.75,1.95,3.4,3.7,2,3.45,3.7,2.05,3.53,3.78,2.06,3.3,3.7,2,3.5,3.6,2.05,3.93,3.85,2.08,3.52,3.73,2.04,1.67,2.15,1.73,2.22,1.82,2.28,1.7,2.17,0.5,1.85,2.08,1.86,2.07,1.88,2.09,1.83,2.04
SP1,03/12/2023,17:30,Sevilla,Villarreal,1,1,D,0,0,D,18,5,4,4,6,16,8,4,3,2,0,0,2,3.6,3.6,2.1,3.7,3.2,2.15,3.6,3.25,2.05,3.73,3.58,2.05,3.75,3.1,2.1,3.6,3.4,2.2,3.85,3.64,2.11,3.69,3.41,1.67,2.15,1.72,2.21,1.77,2.26,1.7,2.18,-0.25,1.75,2.05,1.8,2.11,1.86,2.13,1.81,2.04,1.91,3.75,3.75,1.9,3.7,3.8,2,3.75,3.45,1.9,3.95,4.01,1.91,3.7,3.6,1.91,3.75,3.9,2.1,3.95,4.02,1.97,3.76,3.73,1.65,2.2,1.69,2.28,1.72,2.34,1.68,2.23,-0.5,1.92,2.01,1.91,2.02,2.04,2.02,1.97,1.9
SP1,03/12/2023,20:00,Barcelona,Ath Madrid,1,0,H,1,0,H,13,9,2,4,17,12,7,2,5,4,0,0,2,3.75,3.5,2,3.6,3.6,2,3.65,3.55,2.05,3.76,3.57,1.95,3.7,3.5,2.05,3.6,3.5,2.1,3.84,3.78,2.03,3.7,3.6,1.73,2.08,1.79,2.11,1.86,2.15,1.76,2.1,-0.5,2.05,1.88,2.06,1.85,2.07,1.88,2.03,1.84,1.91,4,3.75,1.93,3.75,3.7,2,3.65,3.6,1.95,3.92,3.83,1.91,3.75,3.5,1.9,3.9,3.75,2.01,4.04,4.1,1.94,3.82,3.78,1.65,2.2,1.68,2.31,1.79,2.36,1.67,2.22,-0.5,1.95,1.98,1.93,1.96,2,2,1.93,1.92
SP1,04/12/2023,20:00,Celta,Cadiz,1,1,D,0,1,A,26,2,7,1,14,18,12,1,1,6,0,1,1.57,3.8,6.5,1.61,3.9,5.5,1.63,3.9,5.75,1.61,4.13,5.8,1.57,3.9,5.5,1.55,3.8,5.5,1.65,4.25,6.5,1.6,4.02,5.85,2.05,1.85,2.05,1.85,2.06,1.94,2,1.84,-1,2.08,1.85,2.09,1.83,2.13,1.85,2.05,1.82,1.53,4,6.5,1.55,4.1,6,1.55,4,6.25,1.55,4.28,6.64,1.5,4,6.5,1.53,4.2,6.5,1.63,4.4,7.5,1.54,4.19,6.41,1.93,1.97,1.92,1.99,2.12,1.99,1.92,1.9,-1,1.95,1.98,1.93,1.99,2.03,2,1.92,1.94
SP1,08/12/2023,20:00,Getafe,Valencia,1,0,H,0,0,D,8,3,6,0,15,14,7,0,2,4,1,2,2.6,2.9,3.1,2.65,2.85,3.1,2.7,2.9,2.95,2.76,2.88,3.14,2.5,2.9,3,2.63,2.9,3.1,2.77,2.91,3.24,2.69,2.88,3.09,2.88,1.4,3.05,1.42,3.07,1.48,2.9,1.41,0,1.82,2.11,1.84,2.1,1.87,2.11,1.81,2.06,2.6,2.9,3.1,2.55,2.87,3.1,2.7,2.9,3,2.67,2.94,3.19,2.5,2.9,3,2.63,2.9,3.1,2.79,2.96,3.22,2.63,2.9,3.11,2.88,1.4,2.94,1.44,2.96,1.49,2.82,1.43,0,1.78,2.16,1.8,2.16,1.84,2.17,1.78,2.09
SP1,09/12/2023,13:00,Alaves,Las Palmas,0,1,A,0,1,A,19,9,5,2,13,13,12,3,3,4,0,0,2.1,3,4.2,2.05,3.2,4,2.1,3.1,4,2.08,3.16,4.2,1.95,3.25,3.9,2.05,3.2,4,2.12,3.33,4.33,2.06,3.17,4.1,2.6,1.48,2.69,1.51,2.7,1.54,2.59,1.51,-0.5,2.07,1.83,2.09,1.83,2.09,1.84,2.06,1.82,2,3.1,4.33,2,3.2,4.1,2.1,3.15,3.9,2.01,3.24,4.4,2,3.25,3.8,2.05,3.1,4.2,2.1,3.25,4.43,2.05,3.18,4.17,2.5,1.5,2.63,1.54,2.66,1.58,2.53,1.53,-0.5,2.04,1.89,2.02,1.88,2.1,1.9,2.05,1.83
SP1,09/12/2023,15:15,Betis,Real Madrid,1,1,D,0,0,D,14,12,6,2,14,7,8,6,2,1,0,0,4.2,3.8,1.8,4,3.75,1.83,4.1,3.8,1.83,4.39,3.92,1.81,4,3.9,1.75,4.33,3.8,1.8,4.5,4.03,1.86,4.26,3.85,1.82,1.73,2.08,1.78,2.12,1.81,2.17,1.76,2.09,0.75,1.84,2.06,1.85,2.06,1.87,2.12,1.82,2.02,4.5,4,1.7,4.5,3.9,1.72,4.4,3.9,1.75,4.75,4.19,1.72,4.6,4,1.65,4.75,4.1,1.67,4.98,4.3,1.83,4.68,4.07,1.71,1.65,2.2,1.69,2.28,1.75,2.34,1.68,2.21,0.75,2.02,1.91,2,1.93,2.08,1.93,1.98,1.87
SP1,09/12/2023,17:30,Villarreal,Sociedad,0,3,A,0,3,A,20,16,4,5,10,22,5,3,2,1,0,0,3.4,3.4,2.1,3.25,3.4,2.15,3.4,3.5,2.15,3.45,3.55,2.16,3.3,3.5,2.05,3.5,3.5,2.1,3.6,3.68,2.31,3.42,3.52,2.14,2,1.9,1.96,1.93,2,1.96,1.94,1.88,0.25,2.04,1.86,2.03,1.88,2.06,1.88,2.01,1.82,3.3,3.5,2.15,3.4,3.4,2.1,3.3,3.45,2.2,3.52,3.48,2.19,3.2,3.5,2.1,3.4,3.4,2.15,3.53,3.58,2.31,3.37,3.44,2.2,2.05,1.85,2.05,1.87,2.13,1.89,2,1.83,0.25,2.03,1.9,2.03,1.89,2.04,1.96,1.97,1.88
SP1,09/12/2023,20:00,Mallorca,Sevilla,1,0,H,1,0,H,6,19,3,5,15,6,4,12,2,2,0,0,2.75,3.1,2.75,2.65,3.2,2.75,2.7,3.15,2.75,2.69,3.16,2.9,2.6,3.2,2.62,2.63,3.1,2.88,2.75,3.29,2.95,2.68,3.16,2.83,2.35,1.57,2.47,1.59,2.52,1.64,2.38,1.59,0,1.87,2.03,1.88,2.03,1.91,2.04,1.87,2,2.55,3,3,2.55,2.95,3,2.6,3,3,2.61,3.07,3.15,2.5,3.1,2.8,2.6,3,3,2.84,3.1,3.18,2.62,3.01,3.03,2.5,1.5,2.64,1.54,2.84,1.54,2.63,1.5,0,1.77,2.18,1.79,2.17,1.85,2.18,1.79,2.1
SP1,10/12/2023,13:00,Ath Madrid,Almeria,2,1,H,2,0,H,13,19,4,5,13,11,3,15,1,0,0,0,1.22,6.5,12,1.22,6.75,11.5,1.22,7,12,1.19,7.63,13.51,1.2,6.5,11,1.2,7,13,1.25,8.1,14,1.22,7.07,12.5,1.4,2.88,1.38,3.13,1.41,3.2,1.38,3.06,-2,1.99,1.91,1.97,1.92,2.04,1.96,1.97,1.88,1.2,7,12,1.21,7.25,12.5,1.2,7.25,13,1.2,7.9,12.92,1.17,7,13,1.18,7.5,15,1.25,8.9,17,1.2,7.58,13.66,1.36,3.1,1.38,3.15,1.4,3.4,1.37,3.14,-2,1.95,1.95,1.97,1.93,1.97,2.05,1.88,1.98
SP1,10/12/2023,17:30,Cadiz,Osasuna,1,1,D,1,0,H,12,13,5,5,15,16,2,4,1,2,0,0,2.9,3.1,2.55,2.9,3.1,2.5,2.9,3.15,2.55,2.99,3.14,2.63,2.8,3.2,2.45,3,3.1,2.55,3.05,3.27,2.63,2.95,3.14,2.58,2.4,1.53,2.52,1.57,2.52,1.62,2.43,1.57,0,2.08,1.82,2.09,1.83,2.12,1.83,2.07,1.8,2.75,3.1,2.7,2.75,3,2.75,2.7,3.05,2.8,2.84,3.07,2.87,2.62,3.1,2.7,2.75,3.1,2.75,3.03,3.18,2.96,2.83,3.07,2.76,2.5,1.5,2.6,1.55,2.61,1.58,2.51,1.53,0,1.93,1.97,1.95,1.97,2.03,1.98,1.96,1.91
SP1,10/12/2023,20:00,Barcelona,Girona,2,4,A,1,2,A,31,15,11,7,7,10,8,3,1,2,0,0,1.53,5,5.5,1.53,4.5,5.5,1.53,4.7,5.5,1.52,4.9,5.7,1.44,4.75,5.5,1.5,4.6,6,1.59,5,6.05,1.53,4.79,5.6,1.48,2.6,1.49,2.71,1.53,2.75,1.48,2.64,-1,1.82,2.08,1.83,2.09,1.89,2.11,1.82,2.05,1.45,5.25,5.5,1.47,5,5.75,1.5,5,5.25,1.46,5.35,6.27,1.4,5,5.8,1.45,4.8,6.5,1.59,5.5,6.5,1.48,5.09,5.93,1.33,3.4,1.37,3.25,1.42,3.4,1.37,3.15,-1.25,1.9,2,1.93,2,2.03,2.04,1.94,1.91
SP1,11/12/2023,20:00,Granada,Ath Bilbao,1,1,D,0,1,A,7,19,4,4,9,11,1,8,0,2,0,0,5,4,1.67,4.75,4,1.68,4.8,4.1,1.67,4.85,4.16,1.69,4.5,4,1.65,5,4,1.67,5.03,4.3,1.78,4.8,4.12,1.69,1.7,2.1,1.74,2.18,1.75,2.26,1.71,2.16,0.75,2.03,1.87,2.01,1.89,2.05,1.89,1.99,1.85,4,3.6,1.91,3.9,3.6,1.9,4.1,3.7,1.9,4.17,3.69,1.93,3.75,3.9,1.8,3.9,3.7,1.91,4.53,4.04,1.98,4.16,3.75,1.87,1.88,2.02,1.88,2.03,1.92,2.26,1.81,2.04,0.5,1.98,1.92,1.98,1.94,2.11,1.98,2.01,1.87
SP1,11/12/2023,20:00,Vallecano,Celta,0,0,D,0,0,D,17,4,4,2,15,10,8,1,3,0,0,0,2.45,3.1,3.1,2.4,3.3,2.9,2.45,3.25,3,2.51,3.31,3.02,2.3,3.4,2.88,2.38,3.25,2.8,2.54,3.5,3.11,2.44,3.32,3,2.08,1.73,2.09,1.8,2.12,1.84,2.05,1.79,-0.25,2.13,1.78,2.15,1.79,2.15,1.87,2.08,1.78,2.7,3.1,2.8,2.7,3.1,2.75,2.75,3.05,2.75,2.75,3.19,2.86,2.6,3.2,2.62,2.63,3.25,2.75,2.76,3.3,3.1,2.69,3.19,2.81,2.15,1.67,2.2,1.74,2.2,1.81,2.13,1.74,0,1.91,1.99,1.93,2,1.93,2.05,1.9,1.96
SP1,15/12/2023,20:00,Osasuna,Vallecano,1,0,H,0,0,D,10,9,4,3,20,13,9,1,2,3,0,0,2.2,3.2,3.5,2.2,3.1,3.6,2.25,3.15,3.45,2.29,3.16,3.63,2.1,3.25,3.4,2.25,3.13,3.5,2.31,3.33,3.81,2.25,3.19,3.55,2.4,1.53,2.56,1.57,2.56,1.61,2.47,1.57,-0.25,1.98,1.95,1.95,1.97,1.98,2.01,1.91,1.95,2.2,3.2,3.4,2.2,3.1,3.5,2.25,3.2,3.45,2.29,3.18,3.63,2.1,3.25,3.4,2.2,3.2,3.5,2.3,3.3,3.83,2.23,3.2,3.56,2.35,1.57,2.53,1.58,2.53,1.64,2.39,1.59,-0.25,1.95,1.98,1.94,1.98,1.95,2.05,1.89,1.95
SP1,16/12/2023,13:00,Celta,Granada,1,0,H,1,0,H,11,7,4,2,20,18,7,1,6,2,1,0,1.67,4,5,1.66,4,4.8,1.67,4.1,4.9,1.67,4.1,5.13,1.62,4,4.75,1.65,4,5.25,1.71,4.22,5.3,1.67,4.09,5.06,1.75,2.05,1.81,2.07,1.84,2.12,1.78,2.07,-0.75,1.87,2.06,1.87,2.04,1.89,2.06,1.83,2.02,1.67,4,5,1.68,3.7,5.25,1.7,3.8,5,1.71,3.82,5.39,1.62,4,4.75,1.67,3.9,5.25,1.72,4.15,5.5,1.69,3.88,5.18,1.99,1.91,2.01,1.89,2.03,2.03,1.95,1.88,-0.75,1.92,2.01,1.93,2,1.94,2.04,1.88,1.96
SP1,16/12/2023,15:15,Ath Bilbao,Ath Madrid,2,0,H,0,0,D,16,7,7,3,7,10,3,7,0,1,0,0,2.45,3.3,2.9,2.45,3.4,2.85,2.45,3.4,2.85,2.45,3.52,2.94,2.3,3.5,2.8,2.45,3.4,2.9,2.55,3.64,3.01,2.44,3.47,2.92,1.95,1.95,1.9,1.99,1.95,2,1.9,1.94,-0.25,2.14,1.8,2.12,1.81,2.14,1.84,2.09,1.78,2.55,3.3,2.8,2.45,3.3,2.8,2.5,3.35,2.8,2.63,3.34,2.88,2.38,3.4,2.75,2.55,3.4,2.75,2.63,3.45,2.98,2.51,3.36,2.85,1.95,1.95,1.92,1.99,1.96,2.03,1.87,1.95,0,1.87,2.06,1.88,2.06,1.88,2.13,1.82,2.05
SP1,16/12/2023,17:30,Sevilla,Getafe,0,3,A,0,2,A,12,14,4,7,18,18,4,2,3,3,0,0,1.95,3.4,4.2,1.95,3.3,4,1.95,3.35,4.1,1.97,3.39,4.32,1.85,3.5,4,1.95,3.4,4.1,2,3.6,5,1.95,3.42,4.25,2.25,1.62,2.32,1.66,2.34,1.72,2.25,1.66,-0.5,2.01,1.92,1.98,1.93,2.01,1.96,1.96,1.9,1.75,3.5,4.75,1.78,3.4,5,1.8,3.45,4.7,1.82,3.45,5.24,1.75,3.5,4.6,1.75,3.5,5,1.89,3.62,5.3,1.81,3.46,4.97,2.4,1.53,2.51,1.59,2.52,1.67,2.37,1.6,-0.75,2.1,1.83,2.11,1.83,2.17,1.9,2.06,1.8
SP1,16/12/2023,20:00,Valencia,Barcelona,1,1,D,0,0,D,11,16,4,8,9,11,4,6,1,2,0,0,5,3.8,1.67,5.25,4,1.63,5,3.95,1.67,5.2,4.06,1.67,4.8,4,1.62,5.25,4,1.65,5.5,4.16,1.71,5.12,4.01,1.67,1.86,2.04,1.85,2.04,1.9,2.06,1.83,2.01,0.75,2.05,1.88,2.04,1.87,2.05,1.88,2,1.84,5.75,4.5,1.5,5.5,4.33,1.55,5.25,4.4,1.6,6.04,4.56,1.55,5.5,4.5,1.5,5.75,4.5,1.53,6.25,4.62,1.65,5.7,4.47,1.56,1.57,2.35,1.61,2.44,1.7,2.5,1.6,2.38,1,2.03,1.9,2.03,1.9,2.06,1.98,1.96,1.9
SP1,17/12/2023,13:00,Almeria,Mallorca,0,0,D,0,0,D,7,20,1,2,12,9,4,4,2,1,0,0,2.7,3.2,2.7,2.65,3.25,2.65,2.65,3.25,2.75,2.66,3.3,2.83,2.6,3.3,2.6,2.63,3.25,2.75,2.7,3.43,2.89,2.65,3.3,2.78,2.1,1.7,2.19,1.74,2.2,1.81,2.12,1.75,0,1.91,2.02,1.89,2.02,1.91,2.02,1.88,1.98,2.38,3.2,3.3,2.3,3.1,3.3,2.35,3.15,3.3,2.4,3.1,3.47,2.25,3,3.4,2.38,3.13,3.2,2.68,3.23,3.53,2.37,3.15,3.32,2.4,1.53,2.52,1.58,2.55,1.66,2.37,1.6,-0.25,2.03,1.9,2.03,1.89,2.1,1.91,1.99,1.86
SP1,17/12/2023,15:15,Sociedad,Betis,0,0,D,0,0,D,12,12,4,3,12,12,3,7,3,4,0,0,1.7,4,5,1.7,3.75,5,1.7,3.8,5,1.7,3.9,5.17,1.65,3.8,4.8,1.7,3.75,5.25,1.75,4,5.3,1.71,3.87,5.08,2.05,1.75,2.07,1.81,2.13,1.86,2.04,1.8,-0.75,1.92,2.01,1.92,1.99,1.96,2.01,1.9,1.95,1.57,4.2,5.5,1.57,3.9,6,1.63,3.85,5.5,1.59,4.18,6.12,1.53,4,5.8,1.55,4,6.5,1.69,4.3,6.5,1.59,4.09,5.96,2.01,1.89,1.99,1.92,2.06,2.03,1.97,1.87,-1,2,1.93,2.03,1.89,2.06,1.94,2.01,1.86
SP1,17/12/2023,17:30,Las Palmas,Cadiz,1,1,D,1,0,H,7,13,2,5,9,12,4,6,1,3,0,0,1.91,3.3,4.33,1.9,3.3,4.33,1.95,3.3,4.3,1.96,3.31,4.49,1.91,3.4,4,1.93,3.3,4.4,2.05,3.49,4.6,1.95,3.35,4.35,2.4,1.53,2.5,1.58,2.52,1.64,2.41,1.59,-0.5,1.95,1.98,1.97,1.93,1.97,1.98,1.94,1.93,1.95,3.25,4.2,1.98,3.2,4.2,2,3.25,4.2,2.01,3.3,4.38,1.95,3.25,4,1.95,3.25,4.33,2.06,3.4,4.59,1.99,3.27,4.24,2.4,1.53,2.56,1.57,2.57,1.63,2.45,1.56,-0.5,2,1.93,2.02,1.91,2.06,1.94,2.01,1.86
SP1,17/12/2023,20:00,Real Madrid,Villarreal,4,1,H,2,0,H,22,3,9,1,14,12,11,0,2,3,0,0,1.29,6,9,1.3,6,8.75,1.3,6,8.5,1.29,6.3,9.21,1.22,6.5,9.5,1.29,6,9.5,1.32,6.6,10.5,1.29,6.29,9.4,1.4,2.88,1.4,3.01,1.42,3.25,1.38,3.06,-1.75,2.03,1.9,2.03,1.87,2.05,1.92,1.98,1.87,1.25,6.5,10,1.24,6.75,10.5,1.27,6.25,9.5,1.22,7.29,12.24,1.2,6.5,11,1.22,7,11.5,1.29,7.6,13.75,1.24,6.96,11.49,1.33,3.4,1.34,3.37,1.38,3.41,1.35,3.26,-2,2.08,1.85,2.03,1.88,2.13,1.89,2.03,1.84
SP1,18/12/2023,20:00,Girona,Alaves,3,0,H,2,0,H,9,12,4,2,9,7,3,2,0,1,0,0,1.53,4,6.5,1.55,4.2,5.75,1.53,4.2,6,1.57,4.38,5.79,1.5,4.33,5.8,1.5,4.1,5.5,1.59,4.5,6.5,1.55,4.3,5.95,1.73,2.08,1.74,2.17,1.81,2.2,1.75,2.11,-1,1.94,1.99,1.97,1.93,1.97,2,1.92,1.94,1.6,4,5.25,1.63,4,5,1.6,4.1,5.75,1.62,4.12,5.75,1.57,4,5.5,1.6,4.1,5.5,1.65,4.33,6.1,1.61,4.12,5.53,1.84,2.06,1.82,2.08,1.84,2.16,1.77,2.08,-1,2.11,1.82,2.12,1.83,2.16,1.93,2.06,1.81
SP1,19/12/2023,18:00,Vallecano,Valencia,0,1,A,0,0,D,7,8,1,3,16,18,8,1,1,5,0,1,2.2,3.2,3.5,2.2,3.1,3.5,2.25,3.15,3.5,2.24,3.18,3.74,2.1,3.25,3.4,2.2,3.13,3.6,2.28,3.4,3.77,2.22,3.2,3.58,2.35,1.57,2.47,1.61,2.5,1.63,2.4,1.59,-0.25,1.93,2,1.91,2.02,1.96,2.05,1.87,1.97,2.25,3.2,3.4,2.25,3.1,3.4,2.3,3.2,3.35,2.28,3.17,3.66,2.2,3.1,3.4,2.25,3.2,3.4,2.39,3.3,3.7,2.3,3.19,3.41,2.25,1.62,2.37,1.65,2.54,1.67,2.33,1.62,-0.25,1.95,1.98,1.93,1.99,2.01,1.99,1.94,1.9
SP1,19/12/2023,20:30,Ath Madrid,Getafe,3,3,D,1,0,H,8,29,4,9,7,14,1,12,3,3,1,0,1.45,4.33,7.5,1.47,4.33,7.25,1.47,4.3,7.25,1.48,4.45,7.67,1.4,4.4,7.5,1.44,4.4,7.5,1.49,5,9,1.46,4.45,7.72,2.04,1.86,2.07,1.85,2.06,1.93,2,1.84,-1.25,2.05,1.75,2.13,1.81,2.14,1.85,2.06,1.79,1.5,4.5,7,1.47,4.5,6.5,1.47,4.3,7.25,1.48,4.54,7.35,1.4,4.5,7,1.45,4.5,7,1.5,5,9,1.47,4.49,7.29,1.8,2,1.79,2.11,1.96,2.16,1.81,2,-1.25,2.05,1.75,2.14,1.78,2.14,1.89,2.07,1.79
SP1,19/12/2023,20:30,Granada,Sevilla,0,3,A,0,2,A,12,12,3,5,10,18,6,4,2,1,0,0,2.8,3.4,2.5,2.85,3.25,2.5,2.8,3.35,2.5,2.96,3.3,2.59,2.75,3.25,2.45,2.88,3.3,2.5,3.05,3.42,2.65,2.88,3.32,2.54,2.05,1.75,2.11,1.81,2.14,1.84,2.07,1.78,0,2.11,1.82,2.11,1.83,2.11,1.85,2.06,1.81,3,3.2,2.45,2.95,3.1,2.5,3,3.15,2.5,3.12,3.17,2.55,2.8,3.2,2.45,3,3.2,2.45,3.3,3.5,2.63,2.99,3.21,2.49,2.25,1.62,2.33,1.67,2.37,1.88,2.21,1.67,0.25,1.79,2.15,1.79,2.2,1.85,2.2,1.76,2.11
SP1,20/12/2023,18:00,Barcelona,Almeria,3,2,H,1,1,D,30,10,11,5,16,9,12,0,3,3,0,0,1.14,8.5,15,1.14,9.25,16.5,1.15,8.75,16,1.13,10.49,16.19,1.1,9,17,1.12,9.5,20,1.16,11,20,1.14,9.55,16.82,1.25,4,,,1.29,4.2,1.26,3.87,-2.5,2.03,1.87,2.04,1.85,2.06,1.89,2.01,1.85,1.17,8,15,1.16,8.75,14.5,1.17,8.25,14,1.14,9,19,1.12,8.5,15,1.13,9,18,1.18,9.72,19,1.15,8.76,16.19,1.29,3.6,1.32,3.52,1.31,4,1.28,3.69,-2.25,1.98,1.95,1.98,1.93,2.01,2.03,1.91,1.93
SP1,20/12/2023,20:30,Ath Bilbao,Las Palmas,1,0,H,0,0,D,19,5,10,1,12,11,5,2,1,3,0,0,1.36,5,7,1.39,4.75,8.25,1.4,4.9,7.75,1.39,4.99,8.41,1.33,4.75,8.5,1.36,4.8,9,1.44,5.2,9.5,1.39,4.88,8.3,1.75,2.05,1.8,2.08,1.85,2.11,1.79,2.06,-1.25,1.89,2.01,1.91,2,1.94,2.01,1.88,1.96,1.36,5.25,7.5,1.38,5,7.75,1.4,5,7.5,1.38,5.19,8.59,1.33,5,8,1.36,5,8.5,1.4,5.4,10,1.37,5.11,8.57,1.67,2.15,1.74,2.19,1.82,2.21,1.72,2.15,-1.25,1.87,2.06,1.86,2.07,1.88,2.11,1.82,2.04
SP1,20/12/2023,20:30,Villarreal,Celta,3,2,H,2,0,H,12,15,8,5,16,15,4,7,2,4,0,0,2.4,3.6,2.88,2.35,3.4,2.9,2.45,3.5,2.85,2.42,3.52,2.98,2.38,3.5,2.7,2.45,3.4,2.9,2.48,3.8,3.02,2.41,3.53,2.9,1.9,2,1.89,2,1.92,2.06,1.85,1.99,-0.25,2.09,1.81,2.1,1.83,2.12,1.84,2.06,1.79,2.3,3.5,3,2.4,3.3,2.9,2.35,3.45,2.95,2.45,3.38,3.09,2.25,3.5,2.88,2.4,3.4,2.9,2.45,3.8,3.11,2.38,3.47,2.99,2.07,1.83,2.06,1.85,2.13,2,1.94,1.89,-0.25,2.1,1.83,2.11,1.83,2.11,1.84,2.05,1.81
SP1,21/12/2023,18:00,Betis,Girona,1,1,D,0,1,A,21,12,4,4,6,9,7,6,2,2,0,0,2.8,3.5,2.38,2.65,3.6,2.45,2.8,3.55,2.45,2.87,3.69,2.42,2.62,3.6,2.38,2.8,3.6,2.4,2.91,3.75,2.5,2.8,3.61,2.43,1.73,2.08,1.75,2.16,1.8,2.19,1.74,2.12,0.25,1.8,2.1,1.81,2.11,1.81,2.15,1.77,2.09,2.55,3.6,2.6,2.6,3.5,2.6,2.75,3.55,2.45,2.67,3.55,2.69,2.6,3.5,2.45,2.63,3.6,2.55,2.94,3.71,2.7,2.69,3.55,2.55,1.75,2.05,1.79,2.13,1.79,2.25,1.72,2.15,0,1.95,1.98,1.95,1.97,2.06,1.98,1.98,1.88
SP1,21/12/2023,18:00,Cadiz,Sociedad,0,0,D,0,0,D,10,8,2,1,16,15,7,5,3,1,0,0,4.75,3.1,1.75,4.6,3.4,1.82,4.6,3.4,1.83,4.8,3.42,1.87,4.33,3.5,1.8,4.6,3.4,1.85,5,3.6,1.92,4.61,3.46,1.85,2.3,1.6,2.36,1.64,2.38,1.7,2.27,1.65,0.5,2.04,1.86,2.03,1.88,2.05,1.88,2.01,1.85,6,3.5,1.65,5.75,3.5,1.68,6,3.55,1.67,6.27,3.59,1.69,5.8,3.6,1.6,6,3.6,1.65,6.62,3.71,1.83,5.92,3.56,1.68,2.4,1.53,2.51,1.59,2.51,1.61,2.42,1.57,0.75,2.02,1.91,2.01,1.92,2.05,1.93,1.96,1.88
SP1,21/12/2023,20:30,Alaves,Real Madrid,0,1,A,0,0,D,8,9,2,4,18,13,3,3,3,1,0,1,5.75,4,1.53,5.75,4.2,1.57,6,4.1,1.57,5.93,4.26,1.58,5.5,4.33,1.5,6,4.2,1.55,6,4.42,1.65,5.78,4.27,1.57,1.75,2.05,1.82,2.06,1.84,2.14,1.78,2.07,1,1.92,1.98,1.9,2.01,1.95,2.01,1.9,1.95,5.25,4,1.6,5.5,4,1.58,5.75,4.1,1.6,6.04,4.13,1.6,5.8,4.2,1.5,5.75,4.2,1.57,6.26,4.3,1.65,5.73,4.12,1.59,1.89,2.01,1.88,2.02,1.89,2.13,1.83,2.01,1,1.83,2.1,1.85,2.09,1.94,2.11,1.84,2.02
SP1,21/12/2023,20:30,Mallorca,Osasuna,3,2,H,1,1,D,15,12,8,7,11,12,6,0,3,1,0,0,2.3,2.9,3.3,2.35,2.95,3.3,2.35,3,3.4,2.42,2.98,3.51,2.25,3.1,3.2,2.38,2.9,3.5,2.45,3.17,3.6,2.37,3,3.45,2.7,1.44,2.91,1.44,2.91,1.47,2.78,1.45,-0.25,2.03,1.87,2.04,1.87,2.04,1.93,1.99,1.85,2.2,2.9,4,2.2,2.85,3.9,2.25,2.9,3.85,2.26,2.92,4.11,2.15,2.9,3.75,2.25,2.9,3.8,2.45,3.05,4.11,2.27,2.91,3.86,3.1,1.36,3.22,1.38,3.22,1.41,3.03,1.39,-0.25,1.89,2.04,1.89,2.03,2,2.05,1.9,1.95
SP1,23/12/2023,15:15,Ath Madrid,Sevilla,1,0,H,0,0,D,12,8,4,2,12,19,6,5,7,3,1,0,1.53,4.33,5.75,1.5,4.4,6,1.55,4.4,5.75,1.54,4.51,6.05,1.5,4.33,5.8,1.5,4.33,6.5,1.56,4.63,6.5,1.53,4.46,6.04,1.7,2.1,1.73,2.18,1.75,2.26,1.71,2.18,-1,1.89,2.01,1.9,2.01,1.9,2.02,1.87,1.99,1.57,4.2,5.75,1.58,4.1,5.5,1.6,4.2,5.5,1.59,4.27,5.99,1.53,4.2,5.5,1.57,4.2,5.75,1.6,4.35,6.22,1.58,4.22,5.73,1.75,2.05,1.81,2.08,1.83,2.14,1.77,2.08,-1,2.05,1.88,2.04,1.89,2.06,1.94,1.99,1.87
SP1,02/01/2024,16:00,Getafe,Vallecano,0,2,A,0,1,A,5,12,0,8,16,16,2,3,6,3,2,0,2.38,3,3.3,2.4,3,3.25,2.45,3,3.25,2.42,3,3.5,2.3,3,3.3,2.4,3,3.3,2.53,3.11,3.75,2.42,3,3.39,2.6,1.48,2.67,1.52,2.75,1.52,2.63,1.5,-0.25,2.06,1.87,2.04,1.88,2.06,1.91,2.01,1.84,2.3,3,3.5,2.37,2.95,3.3,2.35,3,3.4,2.4,2.95,3.57,2.3,3,3.25,2.38,3,3.4,2.48,3.07,3.93,2.38,2.98,3.46,2.7,1.44,2.89,1.46,2.89,1.5,2.69,1.47,-0.25,2.06,1.87,2.02,1.88,2.06,1.94,1.98,1.85
SP1,02/01/2024,18:15,Sociedad,Alaves,1,1,D,0,0,D,16,7,6,2,9,17,6,4,4,4,1,0,1.6,3.75,6.5,1.58,3.75,6.25,1.6,3.75,6.5,1.59,3.9,6.58,1.53,3.75,6.5,1.55,3.8,7,1.64,3.99,7,1.59,3.84,6.63,2.3,1.6,2.37,1.63,2.43,1.67,2.34,1.62,-1,2.08,1.85,2.09,1.83,2.1,1.86,2.06,1.81,1.5,4,7.5,1.53,3.9,7,1.53,3.9,7.25,1.53,3.87,8.34,1.44,3.9,7.5,1.53,3.9,7,1.58,4,8.4,1.54,3.9,7.48,2.3,1.6,2.39,1.63,2.44,1.69,2.32,1.63,-1,1.99,1.94,1.98,1.94,2.03,2,1.95,1.9
SP1,02/01/2024,20:30,Valencia,Villarreal,3,1,H,2,0,H,11,8,8,4,12,15,4,3,2,5,0,0,2.05,3.5,3.6,2,3.4,3.7,2.1,3.4,3.5,2.04,3.49,3.9,2,3.5,3.4,2,3.5,3.75,2.12,3.68,4,2.05,3.5,3.72,2.04,1.86,2.01,1.88,2.05,1.93,1.99,1.85,-0.5,2.05,1.88,2.05,1.87,2.1,1.9,2.04,1.84,2.2,3.4,3.3,2.2,3.3,3.3,2.2,3.4,3.3,2.23,3.43,3.49,2.1,3.4,3.25,2.2,3.4,3.3,2.25,3.54,3.64,2.19,3.41,3.38,2.07,1.83,2.04,1.87,2.11,1.95,1.99,1.84,-0.25,1.93,2,1.93,2,1.95,2.01,1.88,1.96
SP1,03/01/2024,16:00,Granada,Cadiz,2,0,H,1,0,H,15,15,8,2,17,16,5,6,3,4,0,1,2.25,3.1,3.5,2.25,3.25,3.3,2.25,3.2,3.35,2.26,3.19,3.59,2.15,3.2,3.4,2.25,3.2,3.4,2.31,3.31,3.65,2.26,3.19,3.49,2.35,1.57,2.39,1.63,2.4,1.67,2.33,1.61,-0.25,1.94,1.99,1.93,1.97,1.98,1.99,1.91,1.94,2.2,3.1,3.75,2.2,3,3.6,2.3,3.05,3.5,2.25,3.12,3.82,2.15,3.1,3.5,2.2,3.1,3.6,2.33,3.15,3.85,2.25,3.08,3.64,2.4,1.53,2.53,1.58,2.73,1.62,2.46,1.56,-0.25,1.89,2.04,1.9,2.02,2,2.04,1.89,1.95
SP1,03/01/2024,18:15,Celta,Betis,2,1,H,1,1,D,19,14,6,3,10,12,8,7,0,2,0,0,2.4,3.3,3,2.3,3.4,2.95,2.45,3.35,2.95,2.47,3.33,3.05,2.3,3.4,2.9,2.4,3.4,2.9,2.49,3.55,3.08,2.43,3.37,2.98,2.07,1.83,2.05,1.85,2.07,1.89,1.99,1.84,-0.25,2.11,1.82,2.12,1.81,2.13,1.85,2.07,1.79,2.15,3.2,3.5,2.15,3.25,3.5,2.2,3.3,3.4,2.21,3.31,3.67,2.15,3.3,3.25,2.15,3.3,3.5,2.33,3.4,3.67,2.21,3.3,3.45,2.05,1.75,2.12,1.8,2.24,1.85,2.03,1.79,-0.25,1.88,2.05,1.89,2.04,1.93,2.07,1.87,1.96
SP1,03/01/2024,18:15,Real Madrid,Mallorca,1,0,H,0,0,D,17,7,5,0,5,15,5,4,2,3,0,0,1.2,6.5,15,1.24,6.25,12.5,1.22,6.5,13,1.23,6.68,12.58,1.2,6,13,1.22,6,15,1.28,7.1,15,1.24,6.4,12.86,1.65,2.2,1.66,2.28,1.71,2.32,1.66,2.26,-1.75,1.99,1.94,1.94,1.94,2.01,1.96,1.94,1.9,1.2,6.5,15,1.24,6.5,11.5,1.22,6.5,14,1.22,6.75,13.93,1.2,6,13,1.22,6,15,1.25,6.9,16.7,1.23,6.46,13.63,1.57,2.35,1.62,2.39,1.74,2.45,1.63,2.31,-1.75,1.98,1.95,1.95,1.95,2,2.01,1.93,1.91
SP1,03/01/2024,20:30,Girona,Ath Madrid,4,3,H,3,2,H,17,18,9,12,8,10,7,8,0,1,0,0,2.55,3.6,2.63,2.45,3.7,2.65,2.6,3.6,2.6,2.61,3.55,2.71,2.45,3.5,2.6,2.55,3.6,2.63,2.64,3.76,2.76,2.57,3.61,2.66,1.67,2.15,1.68,2.27,1.73,2.32,1.68,2.22,0,1.92,2.01,1.92,1.99,1.95,2.01,1.89,1.97,2.55,3.75,2.5,2.65,3.4,2.55,2.6,3.6,2.55,2.7,3.71,2.6,2.5,3.7,2.45,2.63,3.6,2.55,2.7,3.85,2.68,2.63,3.63,2.58,1.6,2.3,1.62,2.43,1.72,2.45,1.61,2.35,0,1.99,1.94,2.01,1.92,2.01,1.96,1.95,1.92
SP1,04/01/2024,16:00,Osasuna,Almeria,1,0,H,1,0,H,14,4,2,0,14,5,5,4,1,2,0,0,1.7,4,4.75,1.66,3.9,5,1.7,3.9,4.8,1.71,3.94,5.03,1.65,3.9,4.6,1.7,3.8,5,1.76,4.05,5.1,1.71,3.92,4.89,1.92,1.98,1.94,1.94,1.96,1.98,1.88,1.95,-0.75,1.95,1.98,1.93,1.98,1.95,2,1.91,1.94,1.7,3.8,5,1.7,3.75,5,,,,1.74,3.82,5.21,1.65,3.9,4.75,1.7,3.8,5,1.78,4,5.48,1.72,3.82,5.01,1.99,1.91,1.98,1.93,2,2.03,1.92,1.91,-0.75,1.98,1.95,1.95,1.97,1.98,2.04,1.92,1.93
SP1,04/01/2024,18:15,Sevilla,Ath Bilbao,0,2,A,0,1,A,11,15,2,6,9,19,5,4,3,1,0,0,3,3.3,2.38,3,3.3,2.35,3.05,3.35,2.35,3.17,3.24,2.45,3,3.4,2.25,3.1,3.3,2.38,3.2,3.54,2.47,3.08,3.33,2.39,2.05,1.75,2.09,1.8,2.12,1.85,2.04,1.8,0.25,1.84,2.09,1.83,2.09,1.84,2.09,1.82,2.02,2.9,3.3,2.45,3,3.2,2.4,,,,3.09,3.26,2.52,2.88,3.2,2.4,3,3.25,2.45,3.15,3.38,2.53,3.01,3.24,2.46,2.05,1.75,2.11,1.8,2.13,1.83,2.05,1.78,0.25,1.79,2.15,1.81,2.15,1.84,2.15,1.78,2.08
SP1,04/01/2024,20:30,Las Palmas,Barcelona,1,2,A,1,0,H,12,15,3,5,14,5,5,10,5,2,1,0,5.5,4.33,1.57,5.5,4.33,1.57,5.5,4.3,1.57,5.82,4.39,1.57,5.5,4.2,1.53,6,4.2,1.55,6,4.5,1.61,5.68,4.33,1.57,1.7,2.1,1.73,2.18,1.77,2.22,1.71,2.12,1,1.92,2.01,1.93,1.97,1.93,2.01,1.89,1.95,6,4.75,1.5,6,4.6,1.49,,,,6.35,4.68,1.51,6,4.5,1.44,6,4.6,1.5,6.7,4.81,1.52,6.25,4.68,1.49,1.57,2.35,1.61,2.44,1.66,2.5,1.6,2.37,1.25,1.83,2.1,1.85,2.1,1.85,2.12,1.81,2.05
SP1,12/01/2024,20:00,Sevilla,Alaves,2,3,A,0,2,A,19,16,4,8,12,13,5,4,4,3,0,0,1.91,3.4,4.2,1.95,3.25,4.33,,,,1.95,3.4,4.52,1.91,3.3,4,1.93,3.3,4.4,1.97,3.43,4.68,1.94,3.35,4.42,2.35,1.57,2.47,1.6,2.5,1.64,2.4,1.59,-0.5,1.95,1.95,1.96,1.96,1.97,1.98,1.93,1.93,2,3.3,3.8,2,3.2,4,,,,2.07,3.23,4.23,1.95,3.3,3.8,2,3.3,4,2.11,3.42,4.5,2.02,3.27,4.12,2.4,1.53,2.48,1.59,2.5,1.63,2.38,1.59,-0.5,2.07,1.83,2.08,1.85,2.11,1.92,2.03,1.84
SP1,13/01/2024,13:00,Las Palmas,Villarreal,3,0,H,1,0,H,8,17,3,3,13,11,4,6,4,3,0,0,2.5,3.3,2.8,2.45,3.3,2.85,,,,2.52,3.39,2.94,2.45,3.25,2.8,2.45,3.4,2.88,2.61,3.45,2.97,2.52,3.36,2.87,2.01,1.89,2,1.89,2.03,1.92,1.96,1.87,-0.25,2.08,1.73,2.16,1.76,2.2,1.8,2.13,1.74,2.6,3.4,2.63,2.6,3.4,2.65,,,,2.69,3.51,2.72,2.45,3.3,2.75,2.7,3.4,2.63,2.7,3.55,2.87,2.63,3.44,2.7,1.8,2,1.83,2.1,1.85,2.16,1.81,2.03,0,1.98,1.95,1.95,1.97,2,2.04,1.92,1.96
SP1,13/01/2024,15:15,Mallorca,Celta,1,1,D,1,1,D,17,6,6,2,18,18,10,1,4,1,0,0,2.5,3.1,3,2.45,3,3.1,,,,2.57,3.02,3.2,2.5,3,2.9,2.5,3.1,3.1,2.67,3.15,3.25,2.57,3.02,3.1,2.6,1.48,2.7,1.51,2.72,1.53,2.6,1.5,-0.25,2.08,1.73,2.17,1.77,2.2,1.78,2.14,1.74,2.3,3,3.5,2.37,2.9,3.4,,,,2.41,2.95,3.66,2.25,3,3.4,2.38,3,3.4,2.44,3.08,3.66,2.38,2.99,3.48,2.7,1.44,2.92,1.45,2.92,1.53,2.69,1.48,-0.25,2.02,1.91,2.02,1.91,2.02,1.94,1.99,1.86
SP1,13/01/2024,17:30,Ath Bilbao,Sociedad,2,1,H,2,0,H,10,9,3,1,16,21,5,5,1,4,0,0,2,3.4,3.8,2.05,3.4,3.7,,,,2.02,3.47,4,1.95,3.4,3.7,2.05,3.3,3.9,2.1,3.52,4.1,2.04,3.42,3.88,2.15,1.67,2.2,1.72,2.25,1.76,2.17,1.7,-0.5,2.03,1.87,2.03,1.88,2.1,1.88,2.04,1.83,2.1,3.1,4,2.1,3.1,3.8,,,,2.14,3.08,4.17,2.05,3.2,3.6,2.1,3.2,3.8,2.17,3.2,4.2,2.11,3.14,3.99,2.6,1.48,2.69,1.56,2.72,1.57,2.54,1.53,-0.25,1.83,2.1,1.81,2.12,1.84,2.13,1.79,2.08
SP1,13/01/2024,20:00,Betis,Granada,1,0,H,0,0,D,25,6,6,2,11,17,13,1,3,4,0,0,1.62,4.2,4.75,1.6,4.1,5.5,,,,1.65,4.04,5.49,1.57,4,5.5,1.62,4,5.5,1.68,4.22,5.7,1.63,4.1,5.45,1.9,2,1.91,1.98,1.93,2.01,1.86,1.97,-0.75,1.81,2.09,1.83,2.09,1.84,2.17,1.79,2.08,1.7,3.75,5,1.71,3.8,4.8,,,,1.76,3.8,5.04,1.62,3.8,5.5,1.7,3.8,5,1.76,3.94,5.5,1.72,3.8,5.09,1.99,1.91,1.96,1.94,2.01,1.98,1.93,1.9,-0.75,1.99,1.94,1.99,1.93,1.99,2.01,1.91,1.94
SP1,14/01/2024,13:00,Almeria,Girona,0,0,D,0,0,D,20,5,3,1,13,8,4,3,4,4,0,1,4.5,4,1.7,4.5,4.2,1.68,,,,4.71,4.42,1.67,4.33,4.2,1.65,4.75,4.33,1.65,4.8,4.53,1.73,4.61,4.32,1.68,1.5,2.5,1.51,2.65,1.54,2.66,1.5,2.59,0.75,2.05,1.85,2.06,1.85,2.11,1.87,2.01,1.83,3.6,3.75,1.95,3.5,3.75,1.95,,,,3.84,3.76,1.99,3.6,3.8,1.91,3.5,3.75,2,4.12,4,2.02,3.72,3.77,1.96,1.6,2.3,1.64,2.37,1.67,2.6,1.62,2.33,0.5,1.92,2.01,1.93,2,1.96,2.02,1.9,1.97
SP1,14/01/2024,15:15,Cadiz,Valencia,1,4,A,1,1,D,10,9,2,5,15,15,3,1,4,2,0,0,2.88,3,2.7,2.8,3.1,2.6,,,,3.02,2.96,2.75,2.8,3,2.6,2.88,3.1,2.63,3.05,3.15,2.79,2.93,3.02,2.7,2.5,1.5,2.61,1.54,2.61,1.59,2.5,1.55,0,2.02,1.88,2.05,1.86,2.06,1.89,2.02,1.86,3,2.88,2.63,3,2.85,2.65,,,,3.15,2.85,2.78,2.88,2.9,2.6,3.1,2.9,2.63,3.29,2.98,2.86,3.05,2.88,2.72,2.88,1.4,3.05,1.42,3.05,1.49,2.84,1.43,0,2.13,1.81,2.1,1.84,2.19,1.86,2.07,1.82
