,id,isResult,side,datetime,result,h.id,h.title,h.short_title,a.id,a.title,a.short_title,goals.h,goals.a,xG.h,xG.a,forecast.w,forecast.d,forecast.l
0,5834,True,h,2014-08-25 19:00:00,w,150,Real Madrid,RMA,206,Cordoba,COR,2,0,0.612645,0.37841,0.3476626372680084,0.4623547836894502,0.1899825790425411
1,5844,True,a,2014-08-31 20:00:00,l,140,Real Sociedad,SOC,150,Real Madrid,RMA,4,2,2.74099,2.31574,0.4833718515898158,0.17954093483162845,0.3370869676270863
2,5789,True,h,2014-09-13 19:00:00,l,150,Real Madrid,RMA,143,Atletico Madrid,ATL,1,2,1.58778,1.11054,0.4840618573424637,0.2498130058707702,0.26612513660727405
3,5797,True,a,2014-09-20 15:00:00,w,139,Deportivo La Coruna,DEP,150,Real Madrid,RMA,2,8,1.74836,2.05644,0.33413394707605737,0.21049119841690098,0.4553748482797516
4,5806,True,h,2014-09-23 19:00:00,w,150,Real Madrid,RMA,207,Elche,ELC,5,1,3.93785,1.07447,0.861622259634499,0.0830158892690635,0.055345163924188666
5,5817,True,a,2014-09-27 15:00:00,w,154,Villarreal,VIL,150,Real Madrid,RMA,0,2,0.951263,0.976346,0.33561370346617914,0.31543556301917763,0.34895073351428
6,5763,True,h,2014-10-05 20:00:00,w,150,Real Madrid,RMA,147,Athletic Club,ATH,5,0,3.61471,0.744918,0.8818126439316035,0.07860926109998163,0.039571872823636854
7,5765,True,a,2014-10-18 15:00:00,w,151,Levante,LEV,150,Real Madrid,RMA,0,5,0.488171,4.276,0.012556048470114838,0.038088680370879195,0.9493132023111752
8,5776,True,h,2014-10-25 17:00:00,w,150,Real Madrid,RMA,148,Barcelona,BAR,3,1,1.87887,1.30281,0.5093058944288993,0.22510027538874025,0.2655938284730178
9,5716,True,a,2014-11-01 15:00:00,w,155,Granada,GRA,150,Real Madrid,RMA,0,4,1.07775,2.84686,0.1152823115844504,0.14611816811428577,0.738599168277998
10,5728,True,h,2014-11-08 19:00:00,w,150,Real Madrid,RMA,145,Rayo Vallecano,RVL,5,1,2.69643,0.843676,0.7645196920330148,0.14350686743715196,0.09197326128585374
11,5737,True,a,2014-11-22 17:00:00,w,156,Eibar,EIB,150,Real Madrid,RMA,0,4,0.87358,4.68657,0.023079366013253565,0.04528653209340307,0.9315199332666433
12,5748,True,a,2014-11-29 19:00:00,w,137,Malaga,MAL,150,Real Madrid,RMA,1,2,1.16042,4.15129,0.05438437550801482,0.07827284320824585,0.8673125166208551
13,5689,True,h,2014-12-06 19:00:00,w,150,Real Madrid,RMA,152,Celta Vigo,CEL,3,0,2.59443,0.552243,0.8118995155736066,0.1305069896200103,0.05759338432127011
14,5697,True,a,2014-12-12 19:45:00,w,208,Almeria,ALM,150,Real Madrid,RMA,1,4,1.33389,1.25169,0.38704680106721345,0.2645050281470452,0.3484481707623195
15,5648,True,a,2015-01-04 16:00:00,l,146,Valencia,VAL,150,Real Madrid,RMA,2,1,0.708983,2.63452,0.07670253157144626,0.13926880509277387,0.7840285293516119
16,5653,True,h,2015-01-10 15:00:00,w,150,Real Madrid,RMA,141,Espanyol,ESP,3,0,1.73073,0.367803,0.7133852835808764,0.21404064549680835,0.07257407035392545
17,5667,True,a,2015-01-18 11:00:00,w,142,Getafe,GET,150,Real Madrid,RMA,0,3,0.544312,2.41204,0.06531007422553015,0.1462542369057996,0.7884356450230734
18,5672,True,a,2015-01-24 15:00:00,w,206,Cordoba,COR,150,Real Madrid,RMA,1,2,1.63834,1.99717,0.32054039307872684,0.21490054901086927,0.46455905383850676
19,5683,True,h,2015-01-31 15:00:00,w,150,Real Madrid,RMA,140,Real Sociedad,SOC,4,1,4.01477,1.0602,0.8697751783995686,0.07881207620411457,0.051391965146342596
20,5607,True,h,2015-02-04 19:45:00,w,150,Real Madrid,RMA,138,Sevilla,SEV,2,1,2.44168,2.47777,0.401123039832188,0.1851160953736807,0.4137607518194715
21,5609,True,a,2015-02-07 15:00:00,l,143,Atletico Madrid,ATL,150,Real Madrid,RMA,4,0,2.27475,0.102273,0.8731049678117909,0.1157111601233514,0.011183851386364432
22,5620,True,h,2015-02-14 17:00:00,w,150,Real Madrid,RMA,139,Deportivo La Coruna,DEP,2,0,1.47812,0.618923,0.5811850743968934,0.26364425389030377,0.155170671645343
23,5636,True,a,2015-02-22 20:00:00,w,207,Elche,ELC,150,Real Madrid,RMA,0,2,0.113848,1.93223,0.017327853968684446,0.15927353349747472,0.8233986100754336
24,5569,True,h,2015-03-01 20:00:00,d,150,Real Madrid,RMA,154,Villarreal,VIL,1,1,2.94269,0.830645,0.8000653349570599,0.12434608053978917,0.0755880551923877
25,5573,True,a,2015-03-07 17:00:00,l,147,Athletic Club,ATH,150,Real Madrid,RMA,1,0,0.351052,0.880869,0.1414692865946845,0.38916245961964574,0.46936825378561975
26,5589,True,h,2015-03-15 20:00:00,w,150,Real Madrid,RMA,151,Levante,LEV,2,0,2.53951,0.58311,0.7978835334247104,0.13776563549030446,0.06435074674305306
27,5600,True,a,2015-03-22 23:00:00,l,148,Barcelona,BAR,150,Real Madrid,RMA,2,1,2.29612,1.69907,0.5142775528058947,0.1992760851479637,0.28644633827777516
28,5510,True,h,2015-04-05 11:00:00,w,150,Real Madrid,RMA,155,Granada,GRA,9,1,6.61091,0.602945,0.9856212049758886,0.00827162187017028,0.002661391062194044
29,5521,True,a,2015-04-08 21:00:00,w,145,Rayo Vallecano,RVL,150,Real Madrid,RMA,0,2,1.19622,1.94497,0.23214872810441864,0.2198597855251267,0.5479914836856484
30,5525,True,h,2015-04-11 15:00:00,w,150,Real Madrid,RMA,156,Eibar,EIB,3,0,2.99344,0.143497,0.9276272275927988,0.06416560029358459,0.00820651943255065
31,5538,True,h,2015-04-18 19:00:00,w,150,Real Madrid,RMA,137,Malaga,MAL,3,1,3.03655,1.04346,0.7715612052892207,0.13122201508172296,0.09721600244415013
32,5553,True,a,2015-04-26 20:00:00,w,152,Celta Vigo,CEL,150,Real Madrid,RMA,2,4,2.11816,2.11441,0.4003374168184297,0.20073423405214244,0.39892833290685636
33,5559,True,h,2015-04-29 19:00:00,w,150,Real Madrid,RMA,208,Almeria,ALM,3,0,2.72518,0.248127,0.8883736278495513,0.09201348489486669,0.019612682628299783
34,5468,True,a,2015-05-02 19:00:00,w,138,Sevilla,SEV,150,Real Madrid,RMA,2,3,2.92695,1.7552,0.6186888601826994,0.16665680917770367,0.21465383438864094
35,5478,True,h,2015-05-09 19:00:00,d,150,Real Madrid,RMA,146,Valencia,VAL,2,2,2.73249,1.59908,0.6158262083720951,0.17377558366436505,0.21039799618849991
36,5492,True,a,2015-05-17 18:00:00,w,141,Espanyol,ESP,150,Real Madrid,RMA,1,4,1.5021,2.42924,0.2296668056554452,0.18999262647626924,0.5803405197797745
37,5504,True,h,2015-05-23 19:30:00,w,150,Real Madrid,RMA,142,Getafe,GET,7,3,3.13453,0.979312,0.7958252952282677,0.12101253836240887,0.08316102342116286
0,1405,True,a,2015-08-23 22:30:00,d,149,Sporting Gijon,GIJ,150,Real Madrid,RMA,0,0,0.333248,1.54271,0.07658256847147074,0.24269381166557932,0.6807236197423011
1,1413,True,h,2015-08-30 00:30:00,w,150,Real Madrid,RMA,153,Real Betis,BET,5,0,3.14512,0.941159,0.8040130912281168,0.11797150277617728,0.07801421541097484
2,1420,True,a,2015-09-12 18:00:00,w,141,Espanyol,ESP,150,Real Madrid,RMA,0,6,1.47918,4.38766,0.07081504446230465,0.08399070720248547,0.8451383579629342
3,1430,True,h,2015-09-19 18:00:00,w,150,Real Madrid,RMA,155,Granada,GRA,1,0,3.03758,1.7661,0.6347653552913576,0.16109022969657522,0.20414363386311404
4,1445,True,a,2015-09-23 23:00:00,w,147,Athletic Club,ATH,150,Real Madrid,RMA,1,2,1.17616,2.93805,0.12259216124254399,0.14496611227363201,0.732441207326955
5,1451,True,h,2015-09-26 20:15:00,d,150,Real Madrid,RMA,137,Malaga,MAL,0,0,3.18828,0.638418,0.8616336497593614,0.09448444822309593,0.043880498502868036
6,1468,True,a,2015-10-04 22:30:00,d,143,Atletico Madrid,ATL,150,Real Madrid,RMA,1,1,2.38708,0.792017,0.7279635774799524,0.16632115654662638,0.10571522758286864
7,1469,True,h,2015-10-17 18:00:00,w,150,Real Madrid,RMA,151,Levante,LEV,3,0,1.60293,1.5507,0.39316819088135657,0.2361239010134954,0.3707079077731586
8,1480,True,a,2015-10-24 18:00:00,w,152,Celta Vigo,CEL,150,Real Madrid,RMA,1,3,1.57638,1.9616,0.3129958570676835,0.21757989824788282,0.46942424152318435
9,1490,True,h,2015-10-31 19:00:00,w,150,Real Madrid,RMA,144,Las Palmas,LPL,3,1,2.80269,0.562561,0.8352833606564808,0.11466455066915965,0.05005179862449599
10,1508,True,a,2015-11-08 23:30:00,l,138,Sevilla,SEV,150,Real Madrid,RMA,3,2,2.39505,1.25807,0.6255365811812522,0.18667450563574742,0.18778887311426787
11,1510,True,h,2015-11-21 21:15:00,l,150,Real Madrid,RMA,148,Barcelona,BAR,0,4,1.2581,3.27692,0.10893917823973837,0.1277854285606633,0.7632734421146086
12,1526,True,a,2015-11-29 19:00:00,w,156,Eibar,EIB,150,Real Madrid,RMA,0,2,0.28097,2.29034,0.03324180973490383,0.13412518298709586,0.8326329846979211
13,1529,True,h,2015-12-05 19:00:00,w,150,Real Madrid,RMA,142,Getafe,GET,4,1,1.87007,0.24488,0.7760624843119331,0.18254129494075347,0.04139621915234054
14,1548,True,a,2015-12-13 23:30:00,l,154,Villarreal,VIL,150,Real Madrid,RMA,1,0,0.940499,1.45508,0.2437768352129765,0.26555329764536,0.4906698670870832
15,1553,True,h,2015-12-20 19:00:00,w,150,Real Madrid,RMA,145,Rayo Vallecano,RVL,10,2,5.71778,0.93456,0.9617188127040014,0.025160079155157198,0.012242309675630347
16,1558,True,h,2015-12-30 19:00:00,w,150,Real Madrid,RMA,140,Real Sociedad,SOC,3,1,3.42264,0.580977,0.8908143737040243,0.07710075852995521,0.03208159251963143
17,1576,True,a,2016-01-03 23:30:00,d,146,Valencia,VAL,150,Real Madrid,RMA,2,2,2.45563,1.20246,0.6486775364477568,0.18038507472198953,0.1709373337411814
18,1581,True,h,2016-01-09 23:30:00,w,150,Real Madrid,RMA,139,Deportivo La Coruna,DEP,5,0,3.52924,0.989088,0.8373167012070364,0.09834060413610796,0.06433799241136239
19,1593,True,h,2016-01-17 19:00:00,w,150,Real Madrid,RMA,149,Sporting Gijon,GIJ,5,1,3.1536,0.691816,0.8491266881409718,0.1005410430856909,0.05033103880074963
20,1606,True,a,2016-01-24 23:30:00,d,153,Real Betis,BET,150,Real Madrid,RMA,1,1,0.211024,3.34615,0.009262611931769542,0.05250382716055293,0.9382310565974428
21,1616,True,h,2016-01-31 23:30:00,w,150,Real Madrid,RMA,141,Espanyol,ESP,6,0,2.76612,1.46627,0.6479678695154658,0.16807251348224425,0.18395937055033384
22,1626,True,a,2016-02-07 23:30:00,w,155,Granada,GRA,150,Real Madrid,RMA,1,2,0.751196,1.67636,0.16512747830908325,0.23967388863871741,0.5951986326817678
23,1629,True,h,2016-02-13 19:00:00,w,150,Real Madrid,RMA,147,Athletic Club,ATH,4,2,2.09005,1.50136,0.5125032247687976,0.21080855913446261,0.27668820912059683
24,1645,True,a,2016-02-21 19:00:00,d,137,Malaga,MAL,150,Real Madrid,RMA,1,1,1.68623,1.76313,0.37189764342079407,0.22445627184835135,0.40364608360162707
25,1650,True,h,2016-02-27 19:00:00,l,150,Real Madrid,RMA,143,Atletico Madrid,ATL,0,1,0.984203,0.695343,0.41195503028655195,0.33762807235796893,0.25041689735523753
26,1665,True,a,2016-03-03 00:00:00,w,151,Levante,LEV,150,Real Madrid,RMA,1,3,1.07575,2.04124,0.19355745096782187,0.20991677441658904,0.5965257695546737
27,1669,True,h,2016-03-05 19:00:00,w,150,Real Madrid,RMA,152,Celta Vigo,CEL,7,1,2.39112,1.52691,0.567917244976811,0.1927164943463284,0.23936622134254534
28,1687,True,a,2016-03-13 23:30:00,w,144,Las Palmas,LPL,150,Real Madrid,RMA,1,2,1.29762,0.860338,0.46727928888345416,0.28537121018529127,0.24734950091990265
29,1698,True,h,2016-03-20 23:30:00,w,150,Real Madrid,RMA,138,Sevilla,SEV,4,0,4.08121,1.03777,0.8778077955134245,0.07475132610018499,0.04741587370773373
30,1702,True,a,2016-04-02 22:30:00,w,148,Barcelona,BAR,150,Real Madrid,RMA,1,2,0.882445,1.56537,0.21203462584548385,0.254110037179958,0.5338553368274969
31,1710,True,h,2016-04-09 18:00:00,w,150,Real Madrid,RMA,156,Eibar,EIB,4,0,2.83938,1.60526,0.6328652673062828,0.16774699999617554,0.19938739173761177
32,1720,True,a,2016-04-16 18:00:00,w,142,Getafe,GET,150,Real Madrid,RMA,1,5,1.0366,3.07047,0.09415342344521628,0.12858896065840833,0.7772567261598164
33,1736,True,h,2016-04-21 00:00:00,w,150,Real Madrid,RMA,154,Villarreal,VIL,3,0,1.75884,0.226133,0.7603142054399924,0.19770583070991954,0.04197996314501011
34,1740,True,a,2016-04-23 18:00:00,w,145,Rayo Vallecano,RVL,150,Real Madrid,RMA,2,3,1.56205,2.6433,0.21432883351279744,0.17816265443771798,0.6075083722078316
35,1750,True,a,2016-04-30 18:00:00,w,140,Real Sociedad,SOC,150,Real Madrid,RMA,0,1,0.496976,1.58863,0.11283085141439325,0.24345824059891236,0.6437109078072123
36,1765,True,h,2016-05-08 19:00:00,w,150,Real Madrid,RMA,146,Valencia,VAL,3,2,2.52264,2.3222,0.44232562076646453,0.18596813606103899,0.37170613868197466
37,1770,True,a,2016-05-14 19:00:00,w,139,Deportivo La Coruna,DEP,150,Real Madrid,RMA,0,2,0.651269,1.90958,0.11875259671087426,0.20762765278210785,0.6736197484032893
0,1785,True,a,2016-08-21 22:15:00,w,140,Real Sociedad,SOC,150,Real Madrid,RMA,0,3,0.270003,2.73735,0.021417902719538976,0.09327998493302024,0.8853018960293849
1,1793,True,h,2016-08-27 22:15:00,w,150,Real Madrid,RMA,152,Celta Vigo,CEL,2,1,2.02091,0.241185,0.8029853869187966,0.16141751488931744,0.035597093754166885
2,1801,True,h,2016-09-10 18:00:00,w,150,Real Madrid,RMA,157,Osasuna,OSA,5,2,3.7979,1.03534,0.8552287634253126,0.08736338248108724,0.05739682251942665
3,1817,True,a,2016-09-18 22:45:00,w,141,Espanyol,ESP,150,Real Madrid,RMA,0,2,0.830388,1.23959,0.24840280169293705,0.2935843785099843,0.4580128197910427
4,1821,True,h,2016-09-21 22:00:00,d,150,Real Madrid,RMA,154,Villarreal,VIL,1,1,1.34367,1.0322,0.43852858295459224,0.2740367460616079,0.287434670965041
5,1833,True,a,2016-09-24 22:45:00,d,144,Las Palmas,LPL,150,Real Madrid,RMA,2,2,1.31532,2.7519,0.16034835649358983,0.16368368382759746,0.6759677285799004
6,1845,True,h,2016-10-02 18:15:00,d,150,Real Madrid,RMA,156,Eibar,EIB,1,1,1.67419,0.445,0.6787509853450114,0.22774203290449135,0.09350698138646352
7,1853,True,a,2016-10-15 22:45:00,w,153,Real Betis,BET,150,Real Madrid,RMA,1,6,0.908061,3.98737,0.040831414018655206,0.07153881559732582,0.8876105398025662
8,1868,True,h,2016-10-23 22:45:00,w,150,Real Madrid,RMA,147,Athletic Club,ATH,2,1,3.52634,1.38084,0.7728655106036916,0.11976001608380556,0.1073698162188954
9,3310,True,a,2016-10-29 18:15:00,w,158,Alaves,ALA,150,Real Madrid,RMA,1,4,1.37267,2.77099,0.1678871790669053,0.1645839594900078,0.6675286095782331
10,2781,True,h,2016-11-06 15:00:00,w,150,Real Madrid,RMA,159,Leganes,LEG,3,0,2.62943,0.273683,0.8740440249686808,0.10202117076503875,0.02393467349732717
11,2790,True,a,2016-11-19 23:45:00,w,143,Atletico Madrid,ATL,150,Real Madrid,RMA,0,3,1.0815,2.03273,0.19581863017507967,0.21078761512104027,0.5933937499125128
12,2798,True,h,2016-11-26 19:15:00,w,150,Real Madrid,RMA,149,Sporting Gijon,GIJ,2,1,2.90122,1.46445,0.6704642080332278,0.15966793457489864,0.16986741277609427
13,3164,True,a,2016-12-03 19:15:00,d,148,Barcelona,BAR,150,Real Madrid,RMA,1,1,1.73984,1.35909,0.4650517510640331,0.23403095824619966,0.3009172900586067
14,3177,True,h,2016-12-10 23:45:00,w,150,Real Madrid,RMA,139,Deportivo La Coruna,DEP,3,2,1.17016,0.648444,0.4846387939427396,0.3107857591935522,0.20457544686100484
15,3885,True,h,2017-01-07 16:00:00,w,150,Real Madrid,RMA,155,Granada,GRA,5,0,4.18059,0.415223,0.9523640117676699,0.036857307110247685,0.01074594319636236
16,3902,True,a,2017-01-15 23:45:00,l,138,Sevilla,SEV,150,Real Madrid,RMA,2,1,0.452252,2.0699,0.06900537244605137,0.17497400966967883,0.7560206118110969
17,3906,True,h,2017-01-21 18:15:00,w,150,Real Madrid,RMA,137,Malaga,MAL,2,1,1.98978,0.399232,0.7556332138092162,0.18039392621098072,0.06397285636068771
18,3922,True,h,2017-01-29 22:45:00,w,150,Real Madrid,RMA,140,Real Sociedad,SOC,3,0,1.06592,0.250453,0.5688986995682452,0.34460130311619913,0.08649999731482087
19,3934,True,a,2017-02-11 19:45:00,w,157,Osasuna,OSA,150,Real Madrid,RMA,1,3,0.891933,2.36434,0.12456605537071677,0.17410742926492417,0.7013264813989603
20,3952,True,h,2017-02-18 15:15:00,w,150,Real Madrid,RMA,141,Espanyol,ESP,2,0,1.2723,0.070793,0.6949021784573312,0.2850833693324188,0.020014452201628074
21,3954,True,a,2017-02-22 17:45:00,l,146,Valencia,VAL,150,Real Madrid,RMA,2,1,0.832853,0.99003,0.29487229890452615,0.3248830938503275,0.38024460724486314
22,3962,True,a,2017-02-26 19:45:00,w,154,Villarreal,VIL,150,Real Madrid,RMA,2,3,1.12868,3.35567,0.08816529553576119,0.11623274054256522,0.7955993734628185
23,3965,True,h,2017-03-01 20:30:00,d,150,Real Madrid,RMA,144,Las Palmas,LPL,3,3,3.09385,2.1904,0.5666559079948266,0.16618500123309815,0.2671581024559561
24,3982,True,a,2017-03-04 15:15:00,w,156,Eibar,EIB,150,Real Madrid,RMA,1,4,1.2014,2.0593,0.21769683184578095,0.2108679890605706,0.5714351734110509
25,3989,True,h,2017-03-12 19:45:00,w,150,Real Madrid,RMA,153,Real Betis,BET,2,1,1.00957,0.465085,0.4832260964985952,0.3496060126281269,0.16716789087293513
26,3999,True,a,2017-03-18 15:15:00,w,147,Athletic Club,ATH,150,Real Madrid,RMA,1,2,1.96298,2.09036,0.3730164965159973,0.20515581478585423,0.4218276787645319
27,4005,True,h,2017-04-02 15:15:00,w,150,Real Madrid,RMA,158,Alaves,ALA,3,0,1.54447,1.16793,0.4599671673834461,0.2522403542850278,0.2877924782063655
28,4019,True,a,2017-04-05 20:30:00,w,159,Leganes,LEG,150,Real Madrid,RMA,2,4,1.67468,2.43202,0.2622786371306923,0.19197541482251196,0.5457458989719505
29,4026,True,h,2017-04-08 15:15:00,d,150,Real Madrid,RMA,143,Atletico Madrid,ATL,1,1,1.35497,1.08371,0.42968102950106846,0.2709005858945482,0.2994183845829351
30,4038,True,a,2017-04-15 15:15:00,w,149,Sporting Gijon,GIJ,150,Real Madrid,RMA,2,3,0.4652,1.66979,0.09846748715558401,0.2295514002058446,0.671981112287191
31,4047,True,h,2017-04-23 19:45:00,l,150,Real Madrid,RMA,148,Barcelona,BAR,2,3,2.89974,2.06086,0.557072248061831,0.17294169238599885,0.26998561204522764
32,4058,True,a,2017-04-26 20:30:00,w,139,Deportivo La Coruna,DEP,150,Real Madrid,RMA,2,6,1.39884,4.95101,0.044880355418966886,0.060257016115788604,0.8946584905933305
33,4068,True,h,2017-04-29 15:15:00,w,150,Real Madrid,RMA,146,Valencia,VAL,2,1,2.41841,0.973391,0.6923784406957506,0.17364073517417614,0.13398077878377856
34,4077,True,a,2017-05-06 19:45:00,w,155,Granada,GRA,150,Real Madrid,RMA,0,4,0.798168,4.01875,0.032549985068741016,0.06397484878643164,0.9034541518599303
35,4086,True,h,2017-05-14 19:00:00,w,150,Real Madrid,RMA,138,Sevilla,SEV,4,1,1.89661,0.878236,0.613097474517087,0.21837861447213944,0.16852390908837628
36,3924,True,a,2017-05-17 20:00:00,w,152,Celta Vigo,CEL,150,Real Madrid,RMA,1,4,0.901276,3.64315,0.051589687315194165,0.08706131321192799,0.8613421823496163
37,4099,True,a,2017-05-21 19:00:00,w,137,Malaga,MAL,150,Real Madrid,RMA,0,2,1.16006,2.55304,0.15361200381610604,0.17147059653880728,0.6749173094422055
0,7886,True,a,2017-08-20 21:15:00,w,139,Deportivo La Coruna,DEP,150,Real Madrid,RMA,0,3,1.48262,2.38821,0.23122115430733947,0.1922356330114075,0.5765431739874275
1,7897,True,h,2017-08-27 21:15:00,d,150,Real Madrid,RMA,146,Valencia,VAL,2,2,3.38691,0.90594,0.8365451147547807,0.10111312753536719,0.06233886562614817
2,7899,True,h,2017-09-09 12:00:00,d,150,Real Madrid,RMA,151,Levante,LEV,1,1,3.18354,0.757405,0.8408206650574568,0.10334530578352695,0.05583265059143363
3,7910,True,a,2017-09-17 19:45:00,w,140,Real Sociedad,SOC,150,Real Madrid,RMA,1,3,0.375385,2.88229,0.028116127058353195,0.09281994177603575,0.8790635210612954
4,7920,True,h,2017-09-20 21:00:00,l,150,Real Madrid,RMA,153,Real Betis,BET,0,1,3.39115,1.21251,0.7853437407368067,0.11875545233612045,0.09589787156979598
5,7931,True,a,2017-09-23 15:15:00,w,158,Alaves,ALA,150,Real Madrid,RMA,1,2,0.703287,2.7181,0.07133029171103165,0.13211409015732722,0.7965554200398004
6,7941,True,h,2017-10-01 19:45:00,w,150,Real Madrid,RMA,141,Espanyol,ESP,2,0,3.02561,0.278294,0.9079532653932088,0.07482868747514018,0.017217303414253003
7,7953,True,a,2017-10-14 15:15:00,w,142,Getafe,GET,150,Real Madrid,RMA,1,2,0.855336,2.22268,0.13050007210387812,0.18512723406602025,0.6843726784954893
8,7961,True,h,2017-10-22 19:45:00,w,150,Real Madrid,RMA,156,Eibar,EIB,3,0,1.54139,0.359568,0.6724682531050628,0.24444876342598088,0.08308298334970007
9,7973,True,a,2017-10-29 15:15:00,l,223,Girona,GIR,150,Real Madrid,RMA,2,1,2.26046,1.58248,0.5307396324859351,0.2009506338661612,0.26830971441289436
10,7983,True,h,2017-11-05 19:45:00,w,150,Real Madrid,RMA,144,Las Palmas,LPL,3,0,2.53038,0.127029,0.8943761519029383,0.09454902563097531,0.011074741880252044
11,7994,True,a,2017-11-18 19:45:00,d,143,Atletico Madrid,ATL,150,Real Madrid,RMA,0,0,0.745518,1.41229,0.19765424906756124,0.2733053307948818,0.5290404201013359
12,8004,True,h,2017-11-25 15:15:00,w,150,Real Madrid,RMA,137,Malaga,MAL,3,2,3.0172,0.540736,0.8621132419348909,0.0977677377505718,0.040118301436949236
13,8015,True,a,2017-12-02 19:45:00,d,147,Athletic Club,ATH,150,Real Madrid,RMA,0,0,1.34381,1.88247,0.2742565843023358,0.2246504034793361,0.5010930104590224
14,8025,True,h,2017-12-09 15:15:00,w,150,Real Madrid,RMA,138,Sevilla,SEV,5,0,3.5353,0.381749,0.9261793395783569,0.05729760868373283,0.016518253822075554
15,8046,True,h,2017-12-23 12:00:00,l,150,Real Madrid,RMA,148,Barcelona,BAR,0,3,1.30012,3.70518,0.08744112034154797,0.1063341198420709,0.8062164662185903
16,8056,True,a,2018-01-07 19:45:00,d,152,Celta Vigo,CEL,150,Real Madrid,RMA,2,2,2.01847,1.95926,0.40767094361755496,0.20755509550994636,0.38477395355177535
17,8060,True,h,2018-01-13 15:15:00,l,150,Real Madrid,RMA,154,Villarreal,VIL,0,1,2.3468,0.858724,0.7058580698450183,0.17386553861831033,0.12027636066213579
18,8078,True,h,2018-01-21 15:15:00,w,150,Real Madrid,RMA,139,Deportivo La Coruna,DEP,7,1,3.18339,1.84318,0.6436401227794749,0.15560653240259847,0.20075196571724513
19,8088,True,a,2018-01-27 15:15:00,w,146,Valencia,VAL,150,Real Madrid,RMA,1,4,1.41068,2.70685,0.18082556022436605,0.1700492727640951,0.6491249788814417
20,8089,True,a,2018-02-03 19:45:00,d,151,Levante,LEV,150,Real Madrid,RMA,2,2,1.31943,1.31592,0.3698958979619939,0.2618431862941564,0.3682609157158866
21,8100,True,h,2018-02-10 19:45:00,w,150,Real Madrid,RMA,140,Real Sociedad,SOC,5,2,5.307,0.981956,0.9470677164911393,0.03438983239884069,0.018124712160545536
22,8110,True,a,2018-02-18 19:45:00,w,153,Real Betis,BET,150,Real Madrid,RMA,3,5,2.46741,1.84168,0.5197018522688513,0.19101926536387667,0.2892788225239879
23,8037,True,a,2018-02-21 17:45:00,w,159,Leganes,LEG,150,Real Madrid,RMA,1,3,1.18808,1.95404,0.22909595070257904,0.2190635328207681,0.5518405136225373
24,8120,True,h,2018-02-24 15:15:00,w,150,Real Madrid,RMA,158,Alaves,ALA,4,0,3.51278,0.615652,0.8925840637770602,0.07497281559212134,0.03243866971641525
25,8133,True,a,2018-02-27 19:00:00,l,141,Espanyol,ESP,150,Real Madrid,RMA,1,0,0.787948,1.10507,0.2588803754746916,0.3132305840281126,0.42788904049596876
26,8142,True,h,2018-03-03 19:45:00,w,150,Real Madrid,RMA,142,Getafe,GET,3,1,2.0181,0.840741,0.6480603876199498,0.20454251589845884,0.14739709212413812
27,8152,True,a,2018-03-10 12:00:00,w,156,Eibar,EIB,150,Real Madrid,RMA,1,2,1.39288,1.79681,0.2992150889675829,0.2297920738259362,0.4709928362388992
28,8163,True,h,2018-03-18 19:45:00,w,150,Real Madrid,RMA,223,Girona,GIR,6,3,3.51065,1.69932,0.7166433431145784,0.13426987161287426,0.14908236554522153
29,8173,True,a,2018-03-31 00:00:00,w,144,Las Palmas,LPL,150,Real Madrid,RMA,0,3,0.91426,3.88382,0.04443967556915254,0.07640228096478857,0.8791437876508182
30,8188,True,h,2018-04-08 14:15:00,d,150,Real Madrid,RMA,143,Atletico Madrid,ATL,1,1,2.34722,1.29841,0.6077748052967031,0.1912369408170045,0.2009882229294624
31,8194,True,a,2018-04-15 18:45:00,w,137,Malaga,MAL,150,Real Madrid,RMA,1,2,1.18107,2.29821,0.18424625957091656,0.19166971367212632,0.6240840031546525
32,8205,True,h,2018-04-18 19:30:00,d,150,Real Madrid,RMA,147,Athletic Club,ATH,1,1,1.42965,0.929328,0.48663684448816724,0.26850063220678466,0.244862523262139
33,8228,True,h,2018-04-28 00:00:00,w,150,Real Madrid,RMA,159,Leganes,LEG,2,1,1.77458,2.02363,0.3451662422789761,0.21147198182379942,0.44336177058633275
34,8236,True,a,2018-05-06 19:45:00,d,148,Barcelona,BAR,150,Real Madrid,RMA,2,2,1.31039,1.69458,0.2970707963771045,0.2379731897536365,0.4649560134280004
35,8215,True,a,2018-05-09 20:30:00,l,138,Sevilla,SEV,150,Real Madrid,RMA,3,2,2.42064,2.27979,0.4305068942767496,0.18934971933508193,0.3801433192292002
36,8247,True,h,2018-05-12 17:30:00,w,150,Real Madrid,RMA,152,Celta Vigo,CEL,6,0,1.95788,0.202932,0.8029947950559118,0.16576834727536394,0.031236854743214696
37,8256,True,a,2018-05-19 00:00:00,d,154,Villarreal,VIL,150,Real Madrid,RMA,2,2,1.35791,1.06317,0.4352074041693561,0.2714801984269585,0.2933123973818346
0,9964,True,h,2018-08-19 23:15:00,w,150,Real Madrid,RMA,142,Getafe,GET,2,0,1.16219,0.188446,0.6213692444704101,0.31899886971324837,0.05963188581388407
1,9974,True,a,2018-08-26 23:15:00,w,223,Girona,GIR,150,Real Madrid,RMA,1,4,0.502361,4.09404,0.01520124954739952,0.044282673652000316,0.9404901742906233
2,9982,True,h,2018-09-01 18:45:00,w,150,Real Madrid,RMA,159,Leganes,LEG,4,1,2.31092,1.00157,0.6668063942871465,0.1840575701305815,0.14913601024817139
3,9991,True,a,2018-09-15 18:45:00,d,147,Athletic Club,ATH,150,Real Madrid,RMA,1,1,1.45129,1.95843,0.28619033319839166,0.2190221928188697,0.4947874709938304
4,9998,True,h,2018-09-22 18:45:00,w,150,Real Madrid,RMA,141,Espanyol,ESP,1,0,1.08701,0.424687,0.52163836160034,0.33471315859669637,0.14364847980199663
5,10016,True,a,2018-09-26 20:00:00,l,138,Sevilla,SEV,150,Real Madrid,RMA,3,0,2.29262,1.55351,0.543133236054864,0.19890915166358536,0.2579575892777983
6,10022,True,h,2018-09-29 18:45:00,d,150,Real Madrid,RMA,143,Atletico Madrid,ATL,0,0,1.13552,0.661567,0.47024324805412565,0.31575538413157883,0.21400136781251572
7,10027,True,a,2018-10-06 16:30:00,l,158,Alaves,ALA,150,Real Madrid,RMA,1,0,1.16947,0.872949,0.42664639298598583,0.3000246484351414,0.2733289585761478
8,10046,True,h,2018-10-20 11:00:00,l,150,Real Madrid,RMA,151,Levante,LEV,1,2,3.02601,1.83965,0.6191838412322261,0.16345315429767598,0.21736225826931663
9,10047,True,a,2018-10-28 14:15:00,l,148,Barcelona,BAR,150,Real Madrid,RMA,5,1,3.15939,2.11339,0.5911181394625811,0.1623985271415743,0.24648206789461669
10,10065,True,h,2018-11-03 15:15:00,w,150,Real Madrid,RMA,231,Real Valladolid,VAL,2,0,1.93382,1.1095,0.5655562185382831,0.2198334550315042,0.2146103239436771
11,10074,True,a,2018-11-11 19:45:00,w,152,Celta Vigo,CEL,150,Real Madrid,RMA,2,4,0.698688,2.7089,0.07121080962634514,0.13250455405599873,0.7962844464361818
12,10084,True,a,2018-11-24 12:00:00,l,156,Eibar,EIB,150,Real Madrid,RMA,3,0,3.98937,1.10765,0.8613332269317463,0.08250109079185022,0.056146342139042
13,10092,True,h,2018-12-01 19:45:00,w,150,Real Madrid,RMA,146,Valencia,VAL,2,0,0.966947,0.974267,0.340996394237847,0.31412606826931855,0.3448775374924398
14,10103,True,a,2018-12-09 15:15:00,w,232,SD Huesca,HUE,150,Real Madrid,RMA,0,1,1.04156,0.460413,0.4956634532679648,0.34298684417558806,0.16134970255591544
15,10116,True,h,2018-12-15 17:30:00,w,150,Real Madrid,RMA,145,Rayo Vallecano,RVL,1,0,1.25069,0.588603,0.5257750966790348,0.2993044236679566,0.17492047964620494
16,10126,True,a,2019-01-03 20:30:00,d,154,Villarreal,VIL,150,Real Madrid,RMA,2,2,1.01914,1.39918,0.2741018694773825,0.2692127477519755,0.45668538273837456
17,10133,True,h,2019-01-06 17:30:00,l,150,Real Madrid,RMA,140,Real Sociedad,SOC,0,2,2.2027,2.29324,0.38639789632545596,0.194136838875129,0.4194652282055768
18,10143,True,a,2019-01-13 19:45:00,w,153,Real Betis,BET,150,Real Madrid,RMA,1,2,0.688888,0.757727,0.29193754244740855,0.37521746996456107,0.3328449875880227
19,10150,True,h,2019-01-19 15:15:00,w,150,Real Madrid,RMA,138,Sevilla,SEV,2,0,1.59927,0.396637,0.6753775516269833,0.23676194865892988,0.08786049951766008
20,10163,True,a,2019-01-27 19:45:00,w,141,Espanyol,ESP,150,Real Madrid,RMA,2,4,1.20349,2.37579,0.17976731370594182,0.18642130931559078,0.6338113408425006
21,10172,True,h,2019-02-03 19:45:00,w,150,Real Madrid,RMA,158,Alaves,ALA,3,0,2.9864,0.665729,0.8362414589170934,0.10955296122052961,0.054204945712498
22,10177,True,a,2019-02-09 15:15:00,w,143,Atletico Madrid,ATL,150,Real Madrid,RMA,1,3,1.02136,1.4515,0.2657811509017733,0.2641101173096037,0.4701087317355654
23,10189,True,h,2019-02-17 11:00:00,l,150,Real Madrid,RMA,223,Girona,GIR,1,2,1.74859,3.23428,0.18110479651157702,0.1502802107472291,0.6686133245872586
24,10199,True,a,2019-02-24 19:45:00,w,151,Levante,LEV,150,Real Madrid,RMA,1,2,1.43781,2.7512,0.18074695928386303,0.16809823924170367,0.651154571073683
25,10207,True,h,2019-03-02 19:45:00,l,150,Real Madrid,RMA,148,Barcelona,BAR,0,1,0.7937,1.25228,0.23553046314033113,0.2933989130937938,0.4710706237589389
26,10218,True,a,2019-03-10 19:45:00,w,231,Real Valladolid,VAL,150,Real Madrid,RMA,1,4,2.02975,2.61033,0.3040300785379565,0.18496564490795678,0.5110041525378005
27,10231,True,h,2019-03-16 15:15:00,w,150,Real Madrid,RMA,152,Celta Vigo,CEL,2,0,3.02092,0.32231,0.9002673873843292,0.07905026278616145,0.020681620058085312
28,10246,True,h,2019-03-31 18:45:00,w,150,Real Madrid,RMA,232,SD Huesca,HUE,3,2,4.62852,1.37203,0.8767088241863495,0.06994191133948413,0.0532493864924899
29,10256,True,a,2019-04-03 20:30:00,l,146,Valencia,VAL,150,Real Madrid,RMA,2,1,1.76708,0.852925,0.5903203112481525,0.23149125321520297,0.1781884347861076
30,10260,True,h,2019-04-06 15:15:00,w,150,Real Madrid,RMA,156,Eibar,EIB,2,1,1.70378,0.679412,0.6207360022976558,0.23422894312727172,0.14503505411448975
31,10275,True,a,2019-04-15 20:00:00,d,159,Leganes,LEG,150,Real Madrid,RMA,1,1,0.651235,1.20942,0.1995980290725316,0.3044461281952973,0.49595584272789595
32,10279,True,h,2019-04-21 15:15:00,w,150,Real Madrid,RMA,147,Athletic Club,ATH,3,0,1.94223,0.536637,0.71027977032228,0.19680536283435723,0.09291486421162927
33,10294,True,a,2019-04-25 20:30:00,d,142,Getafe,GET,150,Real Madrid,RMA,0,0,0.56694,1.53593,0.13533926824684764,0.25394515061303863,0.6107155810264622
34,10302,True,a,2019-04-28 19:45:00,l,145,Rayo Vallecano,RVL,150,Real Madrid,RMA,1,0,1.54574,0.460117,0.643800408743695,0.2486566285472553,0.10754296258514673
35,10312,True,h,2019-05-05 15:15:00,w,150,Real Madrid,RMA,154,Villarreal,VIL,3,2,3.13671,0.641476,0.8561522606213346,0.09789173224147642,0.04595485449331183
36,10326,True,a,2019-05-12 17:30:00,l,140,Real Sociedad,SOC,150,Real Madrid,RMA,3,1,2.53737,0.901711,0.7280289569323373,0.1598802784535864,0.1120906811664357
37,10328,True,h,2019-05-19 10:00:00,l,150,Real Madrid,RMA,153,Real Betis,BET,0,2,0.843734,1.71988,0.1818730680613724,0.2365159090424702,0.5816110223736545
0,12023,True,a,2019-08-17 16:00:00,w,152,Celta Vigo,CEL,150,Real Madrid,RMA,1,3,1.51166,1.99723,0.2932122324843192,0.21626266620381457,0.49052509741896144
1,12034,True,h,2019-08-24 18:00:00,d,150,Real Madrid,RMA,231,Real Valladolid,VAL,1,1,1.72798,1.22209,0.4925349979450458,0.23686393925633958,0.2706010622372602
2,12052,True,a,2019-09-01 20:00:00,d,154,Villarreal,VIL,150,Real Madrid,RMA,2,2,2.13825,1.76659,0.4688757179969231,0.2065737800911592,0.3245504918860023
3,12060,True,h,2019-09-14 11:00:00,w,150,Real Madrid,RMA,151,Levante,LEV,3,2,3.3111,1.81125,0.6688019463152688,0.14825732552729962,0.18293851832263902
4,12068,True,a,2019-09-22 19:00:00,w,138,Sevilla,SEV,150,Real Madrid,RMA,0,1,0.394624,1.23916,0.11778185690356213,0.30296007275825443,0.579258070332198
5,12078,True,h,2019-09-25 19:00:00,w,150,Real Madrid,RMA,157,Osasuna,OSA,2,0,1.98715,0.11469,0.8317051804913825,0.15171657680915324,0.016578239142755007
6,12085,True,a,2019-09-28 19:00:00,d,143,Atletico Madrid,ATL,150,Real Madrid,RMA,0,0,0.819412,0.379757,0.43660993299663614,0.40280197230243575,0.1605880947009101
7,12099,True,h,2019-10-05 15:00:00,w,150,Real Madrid,RMA,155,Granada,GRA,4,2,2.7833,1.6065,0.6231240392880609,0.1710145202509545,0.20586117415021277
8,12110,True,a,2019-10-19 20:00:00,l,239,Mallorca,MAL,150,Real Madrid,RMA,1,0,0.245649,0.808026,0.10662824535954597,0.4213695143388981,0.4720022403015415
9,12130,True,h,2019-10-30 20:15:00,w,150,Real Madrid,RMA,159,Leganes,LEG,5,0,5.60648,0.240435,0.9895482744315619,0.008309217783933377,0.0014182919686501043
10,12139,True,h,2019-11-02 20:00:00,d,150,Real Madrid,RMA,153,Real Betis,BET,0,0,2.81646,0.437853,0.8609377762448279,0.10307012087447602,0.03599179466062784
11,12148,True,a,2019-11-09 17:30:00,w,156,Eibar,EIB,150,Real Madrid,RMA,0,4,0.88387,2.84489,0.08814777759649742,0.1348565914350827,0.7769952819460371
12,12160,True,h,2019-11-23 20:00:00,w,150,Real Madrid,RMA,140,Real Sociedad,SOC,3,1,1.69928,1.41126,0.4443888850412665,0.23546812172115109,0.3201429927571984
13,12163,True,a,2019-11-30 12:00:00,w,158,Alaves,ALA,150,Real Madrid,RMA,1,2,1.10771,2.08673,0.19463202888676143,0.20678191095855095,0.5985860534023248
14,12180,True,h,2019-12-07 12:00:00,w,150,Real Madrid,RMA,141,Espanyol,ESP,2,0,2.55366,0.286726,0.8633298536849019,0.10966050684594025,0.027009548991580253
15,12192,True,a,2019-12-15 20:00:00,d,146,Valencia,VAL,150,Real Madrid,RMA,1,1,2.28638,1.97126,0.4598302284540264,0.19806461015596263,0.3421051361073441
16,12113,True,a,2019-12-18 19:00:00,d,148,Barcelona,BAR,150,Real Madrid,RMA,0,0,0.72288,0.844042,0.2866758117033989,0.35680494783860184,0.3565192404579691
17,12200,True,h,2019-12-22 20:00:00,d,150,Real Madrid,RMA,147,Athletic Club,ATH,0,0,2.95373,0.415201,0.8784624834319967,0.09149731974650949,0.030039642621340464
18,12207,True,a,2020-01-04 15:00:00,w,142,Getafe,GET,150,Real Madrid,RMA,0,3,1.26627,2.09016,0.22720997350167638,0.20943204299016482,0.5633579766026228
19,12221,True,h,2020-01-18 15:00:00,w,150,Real Madrid,RMA,138,Sevilla,SEV,2,1,1.37156,0.373928,0.6239316943083819,0.2762394668206657,0.09982883884669877
20,12232,True,a,2020-01-26 20:00:00,w,231,Real Valladolid,VAL,150,Real Madrid,RMA,0,1,0.190691,0.5486,0.10547370233147609,0.5287216479965557,0.3658046496719682
21,12238,True,h,2020-02-01 15:00:00,w,150,Real Madrid,RMA,143,Atletico Madrid,ATL,1,0,1.08227,0.454401,0.5112209366936304,0.3346151193313243,0.15416394397413588
22,12246,True,a,2020-02-09 15:00:00,w,157,Osasuna,OSA,150,Real Madrid,RMA,1,4,0.68297,2.74949,0.06706156029706499,0.1281503832944085,0.8047878278304739
23,12259,True,h,2020-02-16 20:00:00,d,150,Real Madrid,RMA,152,Celta Vigo,CEL,2,2,1.90404,1.17019,0.5448925153529682,0.22295722783515529,0.23215025478475107
24,12269,True,a,2020-02-22 20:00:00,l,151,Levante,LEV,150,Real Madrid,RMA,1,0,0.70752,1.90806,0.13065719371546783,0.21060406946096583,0.6587387347418733
25,12279,True,h,2020-03-01 20:00:00,w,150,Real Madrid,RMA,148,Barcelona,BAR,2,0,1.0617,1.52303,0.2643815137661502,0.2564754543933083,0.4791430317384898
26,12286,True,a,2020-03-08 20:00:00,l,153,Real Betis,BET,150,Real Madrid,RMA,2,1,1.33577,1.39172,0.3588897377852642,0.2565523896792607,0.3845578724889844
27,12296,True,h,2020-06-14 17:30:00,w,150,Real Madrid,RMA,156,Eibar,EIB,3,1,1.27218,0.434682,0.5770006858262429,0.29651937217768015,0.12647994198746665
28,12308,True,h,2020-06-18 20:00:00,w,150,Real Madrid,RMA,146,Valencia,VAL,3,0,2.02374,0.156776,0.8259261204147149,0.15177538352654224,0.02229849153879778
29,12320,True,a,2020-06-21 20:00:00,w,140,Real Sociedad,SOC,150,Real Madrid,RMA,1,2,0.482127,1.30503,0.13692628316362634,0.29056061189819327,0.5725131049259398
30,12329,True,h,2020-06-24 20:00:00,w,150,Real Madrid,RMA,239,Mallorca,MAL,2,0,1.3538,0.573505,0.5600384564735228,0.2824589460276932,0.15750259747850476
31,12336,True,a,2020-06-28 20:00:00,w,141,Espanyol,ESP,150,Real Madrid,RMA,0,1,1.00521,2.41536,0.13981265303171372,0.17542987864249168,0.6847574237035503
32,12349,True,h,2020-07-02 20:00:00,w,150,Real Madrid,RMA,142,Getafe,GET,1,0,1.75594,0.35097,0.7235468016888316,0.20893042811614465,0.06752276950532478
33,12353,True,a,2020-07-05 12:00:00,w,147,Athletic Club,ATH,150,Real Madrid,RMA,0,1,0.240102,2.90047,0.01613628808436266,0.07905220956530963,0.9048110592070929
34,12372,True,h,2020-07-10 20:00:00,w,150,Real Madrid,RMA,158,Alaves,ALA,2,0,2.35582,1.31041,0.6068281679842378,0.19092022912088338,0.2022515704514296
35,12376,True,a,2020-07-13 20:00:00,w,155,Granada,GRA,150,Real Madrid,RMA,1,2,0.930144,0.527843,0.43725423898176197,0.3617674164457322,0.2009783445723977
36,12390,True,h,2020-07-16 19:00:00,w,150,Real Madrid,RMA,154,Villarreal,VIL,2,1,1.69772,1.14058,0.5039932768268283,0.24006239098792537,0.2559443317442723
37,12396,True,a,2020-07-19 19:00:00,d,159,Leganes,LEG,150,Real Madrid,RMA,2,2,1.16055,1.06489,0.37950782762551466,0.2888866862835612,0.33160548608778917
0,14152,True,a,2020-09-20 19:00:00,d,140,Real Sociedad,SOC,150,Real Madrid,RMA,0,0,0.718119,0.769069,0.3004358293810815,0.3691561730625847,0.33040799755632416
1,14157,True,a,2020-09-26 19:00:00,w,153,Real Betis,BET,150,Real Madrid,RMA,2,3,1.41465,3.86499,0.09061849325116783,0.10407758468018825,0.8052904366182995
2,14169,True,h,2020-09-30 19:30:00,w,150,Real Madrid,RMA,231,Real Valladolid,VAL,1,0,2.64599,0.540187,0.8210315293705961,0.12518174238359148,0.05378658675253879
3,14819,True,a,2020-10-04 14:00:00,w,151,Levante,LEV,150,Real Madrid,RMA,0,2,0.577329,1.87714,0.10617286600424315,0.20748701313441065,0.6863401191845566
4,14833,True,h,2020-10-17 16:30:00,l,150,Real Madrid,RMA,261,Cadiz,CAD,0,1,1.1359,1.768,0.2440994959699901,0.23415470906475452,0.5217457942077276
5,14836,True,a,2020-10-24 14:00:00,w,148,Barcelona,BAR,150,Real Madrid,RMA,1,3,1.57351,3.20848,0.15760605498411676,0.14568377813033973,0.6967086522958913
6,14852,True,h,2020-10-31 13:00:00,w,150,Real Madrid,RMA,232,SD Huesca,HUE,4,1,2.23898,0.79915,0.7006278115710884,0.18057536919959166,0.11879680237560501
7,14862,True,a,2020-11-08 20:00:00,l,146,Valencia,VAL,150,Real Madrid,RMA,4,1,2.34693,1.05824,0.660630914077067,0.18341479644601177,0.1559542585798217
8,14874,True,a,2020-11-21 15:15:00,d,154,Villarreal,VIL,150,Real Madrid,RMA,1,1,1.72712,0.652049,0.6334927100234381,0.2302559032721382,0.13625138615170423
9,14880,True,h,2020-11-28 20:00:00,l,150,Real Madrid,RMA,158,Alaves,ALA,1,2,1.66068,2.35024,0.2710075730677489,0.19631389986108436,0.5326784952849837
10,14889,True,a,2020-12-05 15:15:00,w,138,Sevilla,SEV,150,Real Madrid,RMA,0,1,0.533909,1.69653,0.11199635347303877,0.22923203839626632,0.6587716076957257
11,14903,True,h,2020-12-12 20:00:00,w,150,Real Madrid,RMA,143,Atletico Madrid,ATL,2,0,0.6517,0.784775,0.2724738101562398,0.3758264143275051,0.3516997755162443
12,14906,True,h,2020-12-15 21:00:00,w,150,Real Madrid,RMA,147,Athletic Club,ATH,3,1,2.58032,0.728304,0.7721938750708911,0.1451645924916365,0.08264142928954678
13,14911,True,a,2020-12-20 20:00:00,w,156,Eibar,EIB,150,Real Madrid,RMA,1,3,0.642099,2.35916,0.0832595878815389,0.15885733084170664,0.7578830482522466
14,14921,True,h,2020-12-23 18:45:00,w,150,Real Madrid,RMA,155,Granada,GRA,2,0,2.04414,0.79963,0.6634541460052059,0.20005630343948475,0.13648954540022212
15,14934,True,a,2020-12-30 20:30:00,d,207,Elche,ELC,150,Real Madrid,RMA,1,1,1.02416,1.55495,0.24963950355918402,0.2541178446656584,0.496242651640445
16,14943,True,h,2021-01-02 20:00:00,w,150,Real Madrid,RMA,152,Celta Vigo,CEL,2,0,1.24672,0.564784,0.5313237722302128,0.3003790070495404,0.16829722071373598
17,14954,True,a,2021-01-09 20:00:00,d,157,Osasuna,OSA,150,Real Madrid,RMA,0,0,0.589148,0.42235,0.3259095519427412,0.45995278714241344,0.21413766091484543
18,14968,True,a,2021-01-23 20:00:00,w,158,Alaves,ALA,150,Real Madrid,RMA,1,4,0.762571,1.42254,0.20085841122601167,0.27182287949035805,0.5273187092436411
19,14984,True,h,2021-01-30 15:15:00,l,150,Real Madrid,RMA,151,Levante,LEV,1,2,1.23555,1.82881,0.2579852154713653,0.22903512008999552,0.5129796632468824
20,14992,True,a,2021-02-06 15:15:00,w,232,SD Huesca,HUE,150,Real Madrid,RMA,1,2,0.920971,3.53921,0.05737537787461764,0.09365622062155492,0.8489635409424742
21,14142,True,h,2021-02-09 20:00:00,w,150,Real Madrid,RMA,142,Getafe,GET,2,0,1.86359,0.0930356,0.8180874819633303,0.1669219873951915,0.014990529118269216
22,15005,True,h,2021-02-14 15:15:00,w,150,Real Madrid,RMA,146,Valencia,VAL,2,0,0.862855,0.0596554,0.5566895868771372,0.41824659956035576,0.025063813562469676
23,15016,True,a,2021-02-20 20:00:00,w,231,Real Valladolid,VAL,150,Real Madrid,RMA,0,1,0.909714,1.30987,0.2592977352787593,0.2822036452431334,0.4584986194651471
24,15025,True,h,2021-03-01 20:00:00,d,150,Real Madrid,RMA,140,Real Sociedad,SOC,1,1,1.98534,1.21953,0.5515102495300748,0.2168891827914033,0.23160056415939057
25,15029,True,a,2021-03-07 15:15:00,d,143,Atletico Madrid,ATL,150,Real Madrid,RMA,1,1,1.9832,1.88411,0.4140923356740302,0.21062829244227513,0.37527936665767814
26,15046,True,h,2021-03-13 15:15:00,w,150,Real Madrid,RMA,207,Elche,ELC,2,1,1.72628,0.726991,0.61336431479725,0.23293507551099638,0.15370060914262146
27,15051,True,a,2021-03-20 15:15:00,w,152,Celta Vigo,CEL,150,Real Madrid,RMA,1,3,0.686996,2.79574,0.06527264255258372,0.124897666081335,0.809829410114802
28,15064,True,h,2021-04-03 14:15:00,w,150,Real Madrid,RMA,156,Eibar,EIB,2,0,1.96177,0.299961,0.7772533611426814,0.175099117848389,0.04764751800589309
29,15074,True,h,2021-04-10 19:00:00,w,150,Real Madrid,RMA,148,Barcelona,BAR,2,1,1.64993,1.15567,0.4889384541590579,0.24388296702165824,0.26717857851787813
30,15103,True,a,2021-04-18 19:00:00,d,142,Getafe,GET,150,Real Madrid,RMA,0,0,2.19426,0.618079,0.7361976528159545,0.17367973068704534,0.09012260351608795
31,15082,True,a,2021-04-21 20:00:00,w,261,Cadiz,CAD,150,Real Madrid,RMA,0,3,1.31917,3.52537,0.10013774444924438,0.11677823495651027,0.7830793785377627
32,15092,True,h,2021-04-24 19:00:00,d,150,Real Madrid,RMA,153,Real Betis,BET,0,0,0.985387,0.898058,0.3636783538503777,0.31949921282130767,0.3168224333280049
33,15117,True,h,2021-05-01 19:00:00,w,150,Real Madrid,RMA,157,Osasuna,OSA,2,0,1.6256,0.0721582,0.7802819912990426,0.20520854364270966,0.014509464813381652
34,15124,True,h,2021-05-09 19:00:00,d,150,Real Madrid,RMA,138,Sevilla,SEV,2,2,0.99637,1.07261,0.3293375826815583,0.3019582731324946,0.36870414418485953
35,15131,True,a,2021-05-13 20:00:00,w,155,Granada,GRA,150,Real Madrid,RMA,1,4,1.69529,1.39286,0.44734399903570016,0.2361540576485011,0.3165019428551175
36,15139,True,a,2021-05-16 16:30:00,w,147,Athletic Club,ATH,150,Real Madrid,RMA,0,1,0.705495,1.21866,0.21463957144937598,0.30122384149801307,0.48413658704785884
37,15154,True,h,2021-05-22 16:00:00,w,150,Real Madrid,RMA,154,Villarreal,VIL,2,1,0.804298,0.614418,0.3681007445012727,0.3772401591718405,0.25465909632687284
0,17140,True,a,2021-08-14 20:00:00,w,158,Alaves,ALA,150,Real Madrid,RMA,1,4,1.41097,2.15551,0.24829813962878633,0.206361839263535,0.5453400107711254
1,17153,True,a,2021-08-22 20:00:00,d,151,Levante,LEV,150,Real Madrid,RMA,3,3,1.63837,2.14125,0.29752163360599965,0.20749166616101786,0.49498669051188054
2,17161,True,a,2021-08-28 20:00:00,w,153,Real Betis,BET,150,Real Madrid,RMA,0,1,0.420687,0.94097,0.16030447591774974,0.3681584519076526,0.4715370721744703
3,17173,True,h,2021-09-12 19:00:00,w,150,Real Madrid,RMA,152,Celta Vigo,CEL,5,2,3.03734,1.99062,0.5932316102100473,0.16585608804731572,0.24091151845066905
4,17183,True,a,2021-09-19 19:00:00,w,146,Valencia,VAL,150,Real Madrid,RMA,1,2,0.647432,1.36343,0.17711506088921433,0.28082976612188626,0.5420551729665458
5,17190,True,h,2021-09-22 20:00:00,w,150,Real Madrid,RMA,239,Mallorca,MAL,6,1,2.3746,1.19165,0.6361806892275575,0.18612614947055678,0.17769312539731533
6,17202,True,h,2021-09-25 19:00:00,d,150,Real Madrid,RMA,154,Villarreal,VIL,0,0,1.53636,0.666401,0.5832353628067001,0.2560992201292377,0.1606654169499772
7,17207,True,a,2021-10-03 14:15:00,l,141,Espanyol,ESP,150,Real Madrid,RMA,2,1,1.29119,1.62384,0.3045879720934293,0.24327553944111197,0.4521364882135771
8,17234,True,a,2021-10-24 14:15:00,w,148,Barcelona,BAR,150,Real Madrid,RMA,1,2,1.58789,1.5463,0.3904768156612002,0.23698173873300485,0.3725414453029281
9,17237,True,h,2021-10-27 19:30:00,d,150,Real Madrid,RMA,157,Osasuna,OSA,0,0,0.655438,0.71046,0.2890376688844537,0.38853464751596517,0.3224276835995781
10,17246,True,a,2021-10-30 12:00:00,w,207,Elche,ELC,150,Real Madrid,RMA,1,2,1.15068,1.60735,0.2728965304570105,0.24747673317455518,0.4796267361560313
11,17263,True,h,2021-11-06 20:00:00,w,150,Real Madrid,RMA,145,Rayo Vallecano,RVL,2,1,2.72626,1.78044,0.5792996852868003,0.17765661646617462,0.24304349177597095
12,17270,True,a,2021-11-21 15:15:00,w,155,Granada,GRA,150,Real Madrid,RMA,1,4,0.56422,3.77854,0.023214434664337678,0.059496999842440834,0.917278164048326
13,17283,True,h,2021-11-28 20:00:00,w,150,Real Madrid,RMA,138,Sevilla,SEV,2,1,1.2476,1.30167,0.3537973359853813,0.26685460128821975,0.3793480627080111
14,17222,True,h,2021-12-01 20:00:00,w,150,Real Madrid,RMA,147,Athletic Club,ATH,1,0,1.60531,2.70199,0.21504637875963425,0.17568973734304147,0.6092636997721692
15,17295,True,a,2021-12-04 20:00:00,w,140,Real Sociedad,SOC,150,Real Madrid,RMA,0,2,0.585154,2.19245,0.08456086018093313,0.17151262567147207,0.743926501304796
16,17303,True,h,2021-12-12 20:00:00,w,150,Real Madrid,RMA,143,Atletico Madrid,ATL,2,0,0.587828,0.769681,0.2510140586415977,0.3875626621175182,0.36142327924087664
17,17313,True,h,2021-12-19 20:00:00,d,150,Real Madrid,RMA,261,Cadiz,CAD,0,0,2.79615,0.242189,0.8958174869300434,0.0862865436112489,0.017895687695142756
18,17336,True,a,2021-12-22 20:30:00,w,147,Athletic Club,ATH,150,Real Madrid,RMA,1,2,1.0933,1.58518,0.2622365477207562,0.2503177688030346,0.48744568330087856
19,17323,True,a,2022-01-02 13:00:00,l,142,Getafe,GET,150,Real Madrid,RMA,1,0,0.900039,0.913167,0.33272130206146455,0.3274026053923025,0.33987609254608175
20,17331,True,h,2022-01-08 20:00:00,w,150,Real Madrid,RMA,146,Valencia,VAL,4,1,4.1129,1.12054,0.8695061727154347,0.07781659882084337,0.05264995453781243
21,17351,True,h,2022-01-23 15:15:00,d,150,Real Madrid,RMA,207,Elche,ELC,2,2,3.82847,0.725434,0.900057925099812,0.06753952031190454,0.032390458929051714
22,17363,True,h,2022-02-06 20:00:00,w,150,Real Madrid,RMA,155,Granada,GRA,1,0,1.47173,0.39522,0.6442371969775692,0.25846773523273087,0.09729506772610735
23,17375,True,a,2022-02-12 15:15:00,d,154,Villarreal,VIL,150,Real Madrid,RMA,0,0,0.460031,2.11101,0.06805990602608537,0.17079868316448413,0.7611414029582585
24,17383,True,h,2022-02-19 20:00:00,w,150,Real Madrid,RMA,158,Alaves,ALA,3,0,3.02281,0.63724,0.845354745759717,0.10493843758898345,0.04970608128840896
25,17394,True,a,2022-02-26 17:30:00,w,145,Rayo Vallecano,RVL,150,Real Madrid,RMA,0,1,1.19813,1.92697,0.23510923822088023,0.22130547653955346,0.5435852828643275
26,17403,True,h,2022-03-05 20:00:00,w,150,Real Madrid,RMA,140,Real Sociedad,SOC,4,1,2.08769,0.743278,0.6859117707354541,0.19267982716873933,0.12140839530402234
27,17409,True,a,2022-03-14 20:00:00,w,239,Mallorca,MAL,150,Real Madrid,RMA,0,3,1.17685,1.81712,0.2462726766960551,0.2300553939994243,0.5236719282125702
28,17422,True,h,2022-03-20 20:00:00,l,150,Real Madrid,RMA,148,Barcelona,BAR,0,4,0.627785,4.25983,0.018619985777383868,0.045933462273223785,0.9354062121667168
29,17430,True,a,2022-04-02 16:30:00,w,152,Celta Vigo,CEL,150,Real Madrid,RMA,1,2,1.07389,2.94585,0.10748364136555079,0.1390437817148939,0.7534720405887982
30,17441,True,h,2022-04-09 19:00:00,w,150,Real Madrid,RMA,142,Getafe,GET,2,0,1.62196,0.407933,0.6774072715779215,0.23373450694820397,0.08885822123630067
31,17453,True,a,2022-04-17 19:00:00,w,138,Sevilla,SEV,150,Real Madrid,RMA,2,3,1.17236,1.53527,0.29049857405345025,0.2528635514378422,0.4566378743929427
32,17463,True,a,2022-04-20 19:30:00,w,157,Osasuna,OSA,150,Real Madrid,RMA,1,3,0.872915,4.60461,0.024475679008255324,0.04763582921404181,0.9277940303836941
33,17471,True,h,2022-04-30 14:15:00,w,150,Real Madrid,RMA,141,Espanyol,ESP,4,0,2.31704,1.64156,0.5299895346284739,0.19803407468338505,0.2719763641991369
34,17477,True,a,2022-05-08 19:00:00,l,143,Atletico Madrid,ATL,150,Real Madrid,RMA,1,0,2.45366,1.13607,0.6627219379563137,0.17803647805474188,0.15924152946160758
35,17490,True,h,2022-05-12 19:30:00,w,150,Real Madrid,RMA,151,Levante,LEV,6,0,4.89552,0.695945,0.9540600953808892,0.03235965493864112,0.013398881771187863
36,17502,True,a,2022-05-15 17:30:00,d,261,Cadiz,CAD,150,Real Madrid,RMA,1,1,2.66633,1.92483,0.5409264672870921,0.18216694363120414,0.2769064309931907
37,17510,True,h,2022-05-20 19:00:00,d,150,Real Madrid,RMA,153,Real Betis,BET,0,0,1.8155,1.43562,0.4661667038098695,0.22795333427445452,0.3058799607941925
0,18968,True,a,2022-08-14 20:00:00,w,208,Almeria,ALM,150,Real Madrid,RMA,1,2,0.80073,3.11412,0.06349895344917646,0.11074714119367017,0.8257528493102624
1,18976,True,a,2022-08-20 20:00:00,w,152,Celta Vigo,CEL,150,Real Madrid,RMA,1,4,1.31973,3.59631,0.09585978755030895,0.11299902562330627,0.7911353245281404
2,18989,True,a,2022-08-28 20:00:00,w,141,Espanyol,ESP,150,Real Madrid,RMA,1,3,1.63359,2.04602,0.3115620585026923,0.21248292438993224,0.47595501162825193
3,18996,True,h,2022-09-03 14:15:00,w,150,Real Madrid,RMA,153,Real Betis,BET,2,1,3.20593,0.333406,0.9122032005488535,0.06941079579978278,0.01838450364175132
4,19011,True,h,2022-09-11 12:00:00,w,150,Real Madrid,RMA,239,Mallorca,MAL,4,1,2.21791,0.950984,0.6610533229221871,0.19004345076199133,0.14890321140144183
5,19021,True,a,2022-09-18 19:00:00,w,143,Atletico Madrid,ATL,150,Real Madrid,RMA,1,2,1.10431,1.09277,0.3571349950160768,0.2915425192494158,0.3513224857322611
6,19030,True,h,2022-10-02 19:00:00,d,150,Real Madrid,RMA,157,Osasuna,OSA,1,1,2.56301,0.466155,0.826262943437705,0.12585659354896292,0.04788036826244381
7,19035,True,a,2022-10-08 19:00:00,w,142,Getafe,GET,150,Real Madrid,RMA,0,1,0.262283,1.48053,0.06287290364443254,0.24988343194001011,0.6872436643465837
8,19046,True,h,2022-10-16 14:15:00,w,150,Real Madrid,RMA,148,Barcelona,BAR,3,1,1.46965,1.66548,0.33993443555904157,0.2358093767240793,0.4242561873151222
9,19054,True,a,2022-10-19 19:00:00,w,207,Elche,ELC,150,Real Madrid,RMA,0,3,1.04972,1.6151,0.24662932691294123,0.2481477477989793,0.5052229250631176
10,19063,True,h,2022-10-22 19:00:00,w,150,Real Madrid,RMA,138,Sevilla,SEV,3,1,2.17678,0.518059,0.7577618739393083,0.1680996773779806,0.07413843698084481
11,19081,True,h,2022-10-30 15:15:00,d,150,Real Madrid,RMA,223,Girona,GIR,1,1,2.65755,1.99848,0.5255020900979552,0.1829307545911153,0.29156700203354247
12,19086,True,a,2022-11-07 20:00:00,l,145,Rayo Vallecano,RVL,150,Real Madrid,RMA,3,2,1.65854,2.21264,0.29075045396841775,0.20366037144942348,0.5055891597992764
13,19100,True,h,2022-11-10 20:30:00,w,150,Real Madrid,RMA,261,Cadiz,CAD,2,1,1.73107,1.11674,0.5175132794767805,0.23735298205413088,0.24513373789779216
14,19109,True,a,2022-12-30 20:30:00,w,231,Real Valladolid,VAL,150,Real Madrid,RMA,0,2,0.535068,2.5342,0.05806954699958993,0.13430586046442405,0.8076245103974488
15,19121,True,a,2023-01-07 15:15:00,l,154,Villarreal,VIL,150,Real Madrid,RMA,2,1,2.41742,2.16674,0.4497350597101594,0.19111143033681466,0.3591534538229328
16,19132,True,a,2023-01-22 20:00:00,w,147,Athletic Club,ATH,150,Real Madrid,RMA,0,2,1.15604,0.946951,0.4049746243869815,0.29709065790497613,0.2979347177056201
17,19143,True,h,2023-01-29 20:00:00,d,150,Real Madrid,RMA,140,Real Sociedad,SOC,0,0,1.40476,0.370087,0.6341704654617898,0.26977176773093653,0.0960577667736128
18,19124,True,h,2023-02-02 20:00:00,w,150,Real Madrid,RMA,146,Valencia,VAL,2,0,2.60454,0.213484,0.8837690133918434,0.09784342579639245,0.018387444782245178
19,19157,True,a,2023-02-05 13:00:00,l,239,Mallorca,MAL,150,Real Madrid,RMA,1,0,0.241595,1.39842,0.06209170378587112,0.2652600992658113,0.6726481969166779
20,19169,True,h,2023-02-15 20:00:00,w,150,Real Madrid,RMA,207,Elche,ELC,4,0,4.04364,0.619125,0.9256866760662267,0.05269411372485223,0.02159667879336369
21,19177,True,a,2023-02-18 20:00:00,w,157,Osasuna,OSA,150,Real Madrid,RMA,0,2,0.400542,1.86475,0.07123906216985199,0.19706490406342633,0.7316960322308882
22,19189,True,h,2023-02-25 17:30:00,d,150,Real Madrid,RMA,143,Atletico Madrid,ATL,1,1,1.56317,0.217661,0.7210319278800686,0.23089287498596253,0.048075196989733365
23,19194,True,a,2023-03-05 20:00:00,d,153,Real Betis,BET,150,Real Madrid,RMA,0,0,0.59294,1.14462,0.19091066212073685,0.3172203435656577,0.4918689943116175
24,19209,True,h,2023-03-11 13:00:00,w,150,Real Madrid,RMA,141,Espanyol,ESP,3,1,1.78234,1.10182,0.5330713454982734,0.23290373051107557,0.23402492314770026
25,19213,True,a,2023-03-19 20:00:00,l,148,Barcelona,BAR,150,Real Madrid,RMA,2,1,1.66532,0.524212,0.6542653404405347,0.23323500208384046,0.11249965713668472
26,19226,True,h,2023-04-02 14:15:00,w,150,Real Madrid,RMA,231,Real Valladolid,VAL,6,0,4.82721,0.719567,0.9500176089989237,0.03488715354631147,0.014938854322130974
27,19234,True,h,2023-04-08 19:00:00,l,150,Real Madrid,RMA,154,Villarreal,VIL,2,3,2.23296,1.24489,0.5972210666604854,0.1983450669945518,0.20443385006119366
28,19245,True,a,2023-04-15 19:00:00,w,261,Cadiz,CAD,150,Real Madrid,RMA,0,2,0.583718,4.49059,0.013851881219323845,0.037097477253804696,0.9489786387579929
29,19257,True,h,2023-04-22 19:00:00,w,150,Real Madrid,RMA,152,Celta Vigo,CEL,2,0,1.81403,0.744532,0.6287832944241375,0.2230487777175151,0.14816792679371074
30,19268,True,a,2023-04-25 17:30:00,l,223,Girona,GIR,150,Real Madrid,RMA,4,2,2.4202,1.63006,0.5524461281965827,0.19222847626310022,0.25532534951019076
31,19280,True,h,2023-04-29 16:30:00,w,150,Real Madrid,RMA,208,Almeria,ALM,4,2,3.20538,1.375,0.7326296476025402,0.1376499751832634,0.1297188802739871
32,19285,True,a,2023-05-02 20:00:00,l,140,Real Sociedad,SOC,150,Real Madrid,RMA,2,0,2.26252,0.867228,0.6888951527661398,0.1820124553230538,0.12909237262072976
33,19300,True,h,2023-05-13 19:00:00,w,150,Real Madrid,RMA,142,Getafe,GET,1,0,0.879325,0.586304,0.4031287166016267,0.3662434919168295,0.23062779148149526
34,19308,True,a,2023-05-21 16:30:00,l,146,Valencia,VAL,150,Real Madrid,RMA,1,0,1.49126,2.08896,0.2747226105486851,0.21088260821307256,0.5143947743162107
35,19320,True,h,2023-05-24 17:30:00,w,150,Real Madrid,RMA,145,Rayo Vallecano,RVL,2,1,1.66281,0.446413,0.6757445475072031,0.2295553035339799,0.09470014862668302
36,19331,True,a,2023-05-27 17:00:00,w,138,Sevilla,SEV,150,Real Madrid,RMA,1,2,0.980153,0.815661,0.3810843591592136,0.3277000027026619,0.29121563813788154
37,19332,True,h,2023-06-04 18:00:00,d,150,Real Madrid,RMA,147,Athletic Club,ATH,1,1,1.72224,2.17987,0.30880895024162436,0.205027052694603,0.486163984612355
0,22689,True,a,2023-08-12 19:30:00,w,147,Athletic Club,ATH,150,Real Madrid,RMA,0,2,0.700577,1.33266,0.19634495787629258,0.2848000908724891,0.5188549512348822
1,22698,True,a,2023-08-19 17:30:00,w,208,Almeria,ALM,150,Real Madrid,RMA,1,3,1.81328,2.8802,0.22988698475285002,0.17031138968488804,0.5998012180513445
2,22712,True,a,2023-08-25 19:30:00,w,152,Celta Vigo,CEL,150,Real Madrid,RMA,0,1,1.17827,1.6167,0.2781598588834698,0.24622606479170064,0.4756140760944674
3,22723,True,h,2023-09-02 14:15:00,w,150,Real Madrid,RMA,142,Getafe,GET,2,1,2.64665,0.893748,0.746697247758771,0.15057032862519995,0.10273228167924109
4,22729,True,h,2023-09-17 19:00:00,w,150,Real Madrid,RMA,140,Real Sociedad,SOC,2,1,2.56902,2.1546,0.48051730458967806,0.186174434154994,0.3333081534175251
5,22736,True,a,2023-09-24 19:00:00,l,143,Atletico Madrid,ATL,150,Real Madrid,RMA,3,1,1.79578,0.847915,0.5981855611382985,0.22824541274672552,0.1735690251844691
6,22753,True,h,2023-09-27 17:00:00,w,150,Real Madrid,RMA,144,Las Palmas,LPL,2,0,2.71542,0.618032,0.8136801817959776,0.12585547705470937,0.06046414548169578
7,22760,True,a,2023-09-30 16:30:00,w,223,Girona,GIR,150,Real Madrid,RMA,0,3,2.17781,2.78602,0.30591274395327606,0.17820635338547347,0.5158806215373656
8,22772,True,h,2023-10-07 14:15:00,w,150,Real Madrid,RMA,157,Osasuna,OSA,4,0,4.47802,0.164111,0.9793864277124458,0.018131846655385888,0.0024118863832259547
9,22782,True,a,2023-10-21 16:30:00,d,138,Sevilla,SEV,150,Real Madrid,RMA,1,1,1.8723,2.17904,0.3396066101804396,0.2035088837429931,0.45688449259568703
10,22787,True,a,2023-10-28 14:15:00,w,148,Barcelona,BAR,150,Real Madrid,RMA,1,2,1.32038,0.959404,0.44936285771462325,0.27920744351029897,0.27142969876053036
