,position,goals.min,goals.max,goals.avg,xG.min,xG.max,xG.avg,shots.min,shots.max,shots.avg,assists.min,assists.max,assists.avg,xA.min,xA.max,xA.avg,key_passes.min,key_passes.max,key_passes.avg,xGChain.min,xGChain.max,xGChain.avg,xGBuildup.min,xGBuildup.max,xGBuildup.avg,player_id,player
0,GK,0.0,0.0001,0.0,0.0,7.09163e-05,1.32919e-06,0.0,0.0003,0.0,0.0,0.0003,0.0,0.0,0.000231707,1.66266e-05,0.0,0.0014,0.0003,5.23905e-05,0.00306355,0.000855274,4.87134e-05,0.00306355,0.000841397,2090,Marc-André ter Stegen
1,Sub,0.0008,0.016,0.0026,0.00121151,0.014437,0.00274433,0.0089,0.066,0.0249,0.0008,0.009,0.0017,0.000909816,0.00537747,0.00171517,0.0062,0.0369,0.0162,0.00378437,0.0160493,0.00590006,0.000342356,0.00815345,0.0027587,2090,Marc-André ter Stegen
0,DC,0.0,0.0021,0.0005,2.78215e-05,0.00189159,0.000494142,0.0006,0.0171,0.005,0.0,0.0016,0.0002,1.82466e-05,0.00106864,0.000207481,0.0003,0.0089,0.0021,0.000434443,0.00684349,0.00188832,0.000379923,0.00669638,0.00177136,8091,Ronald Araújo
1,DL,0.0,0.0023,0.0003,7.53829e-06,0.00238029,0.000340915,0.0005,0.018,0.0058,0.0,0.0028,0.0008,0.000242894,0.00259094,0.000825722,0.0035,0.0199,0.0088,0.000958841,0.00892891,0.00278695,0.00080249,0.00705833,0.00216948,8091,Ronald Araújo
2,DR,0.0,0.0017,0.0003,6.34242e-06,0.00172226,0.000337445,0.0002,0.0149,0.0052,0.0,0.0038,0.0008,0.000161894,0.00253973,0.000805779,0.0029,0.021,0.0082,0.00107244,0.00882197,0.00282332,0.000681187,0.0073707,0.00218809,8091,Ronald Araújo
3,Sub,0.0008,0.016,0.0026,0.00121151,0.014437,0.00274433,0.0089,0.066,0.0249,0.0008,0.009,0.0017,0.000909816,0.00537747,0.00171517,0.0062,0.0369,0.0162,0.00378437,0.0160493,0.00590006,0.000342356,0.00815345,0.0027587,8091,Ronald Araújo
0,DC,0.0,0.0021,0.0005,2.78215e-05,0.00189159,0.000494142,0.0006,0.0171,0.005,0.0,0.0016,0.0002,1.82466e-05,0.00106864,0.000207481,0.0003,0.0089,0.0021,0.000434443,0.00684349,0.00188832,0.000379923,0.00669638,0.00177136,200,Andreas Christensen
1,DR,0.0,0.0017,0.0003,6.34242e-06,0.00172226,0.000337445,0.0002,0.0149,0.0052,0.0,0.0038,0.0008,0.000161894,0.00253973,0.000805779,0.0029,0.021,0.0082,0.00107244,0.00882197,0.00282332,0.000681187,0.0073707,0.00218809,200,Andreas Christensen
2,MC,0.0,0.0052,0.0009,3.3423e-05,0.00370003,0.000922265,0.0012,0.0354,0.0124,0.0,0.0072,0.001,5.26699e-05,0.00467557,0.000968308,0.0021,0.0377,0.0115,0.000853652,0.0121255,0.00367181,0.000641621,0.00805912,0.00256902,200,Andreas Christensen
3,Sub,0.0008,0.016,0.0026,0.00121151,0.014437,0.00274433,0.0089,0.066,0.0249,0.0008,0.009,0.0017,0.000909816,0.00537747,0.00171517,0.0062,0.0369,0.0162,0.00378437,0.0160493,0.00590006,0.000342356,0.00815345,0.0027587,200,Andreas Christensen
0,DC,0.0,0.0021,0.0005,2.78215e-05,0.00189159,0.000494142,0.0006,0.0171,0.005,0.0,0.0016,0.0002,1.82466e-05,0.00106864,0.000207481,0.0003,0.0089,0.0021,0.000434443,0.00684349,0.00188832,0.000379923,0.00669638,0.00177136,2484,Iñigo Martínez
1,DL,0.0,0.0023,0.0003,7.53829e-06,0.00238029,0.000340915,0.0005,0.018,0.0058,0.0,0.0028,0.0008,0.000242894,0.00259094,0.000825722,0.0035,0.0199,0.0088,0.000958841,0.00892891,0.00278695,0.00080249,0.00705833,0.00216948,2484,Iñigo Martínez
2,Sub,0.0008,0.016,0.0026,0.00121151,0.014437,0.00274433,0.0089,0.066,0.0249,0.0008,0.009,0.0017,0.000909816,0.00537747,0.00171517,0.0062,0.0369,0.0162,0.00378437,0.0160493,0.00590006,0.000342356,0.00815345,0.0027587,2484,Iñigo Martínez
0,AMR,0.0007,0.0055,0.002,0.000999219,0.00449176,0.0019654,0.0123,0.0362,0.0201,0.0015,0.0045,0.0018,0.00142682,0.00444451,0.00181285,0.0121,0.0365,0.0165,0.00382839,0.0090587,0.00455367,0.00109596,0.00435623,0.00192537,2379,João Cancelo
1,DL,0.0,0.0023,0.0003,7.53829e-06,0.00238029,0.000340915,0.0005,0.018,0.0058,0.0,0.0028,0.0008,0.000242894,0.00259094,0.000825722,0.0035,0.0199,0.0088,0.000958841,0.00892891,0.00278695,0.00080249,0.00705833,0.00216948,2379,João Cancelo
2,DML,0.0003,0.0021,0.0006,0.000322617,0.00166107,0.0006048,0.006,0.0235,0.0092,0.0006,0.0012,0.001,0.00082582,0.00156248,0.00107221,0.0094,0.0131,0.0114,0.0030986,0.00483007,0.0030295,0.00197377,0.00270857,0.00194038,2379,João Cancelo
3,DMR,0.0006,0.0011,0.0007,0.00037338,0.000869948,0.000674014,0.0079,0.0156,0.0094,0.0006,0.0014,0.0011,0.000832283,0.00140012,0.00122871,0.0097,0.0117,0.0112,0.00235717,0.00402888,0.0032634,0.00145432,0.00255251,0.00202975,2379,João Cancelo
4,DR,0.0,0.0017,0.0003,6.34242e-06,0.00172226,0.000337445,0.0002,0.0149,0.0052,0.0,0.0038,0.0008,0.000161894,0.00253973,0.000805779,0.0029,0.021,0.0082,0.00107244,0.00882197,0.00282332,0.000681187,0.0073707,0.00218809,2379,João Cancelo
5,FWR,0.0021,0.0112,0.0031,0.00177455,0.00935705,0.00297569,0.0216,0.0562,0.0255,0.0014,0.0051,0.002,0.00193369,0.0056116,0.00206886,0.0187,0.0349,0.0179,0.00431047,0.015081,0.00580084,0.00185389,0.00589115,0.00232677,2379,João Cancelo
6,MC,0.0,0.0052,0.0009,3.3423e-05,0.00370003,0.000922265,0.0012,0.0354,0.0124,0.0,0.0072,0.001,5.26699e-05,0.00467557,0.000968308,0.0021,0.0377,0.0115,0.000853652,0.0121255,0.00367181,0.000641621,0.00805912,0.00256902,2379,João Cancelo
7,ML,0.0003,0.0032,0.0015,0.000582739,0.00258697,0.00149701,0.0101,0.0261,0.0172,0.0003,0.0041,0.0015,0.000581581,0.00254577,0.00152095,0.009,0.022,0.0149,0.00241614,0.00668257,0.00377472,0.00098706,0.00359707,0.001802,2379,João Cancelo
8,MR,0.0007,0.0033,0.0014,0.000812305,0.00294841,0.00146385,0.0082,0.0262,0.0162,0.0006,0.0023,0.0015,0.00115283,0.00257078,0.0015276,0.0092,0.0195,0.0146,0.00267489,0.00524829,0.00383968,0.00103525,0.00300881,0.00180971,2379,João Cancelo
9,Sub,0.0008,0.016,0.0026,0.00121151,0.014437,0.00274433,0.0089,0.066,0.0249,0.0008,0.009,0.0017,0.000909816,0.00537747,0.00171517,0.0062,0.0369,0.0162,0.00378437,0.0160493,0.00590006,0.000342356,0.00815345,0.0027587,2379,João Cancelo
0,AMC,0.0003,0.0062,0.0023,0.000660038,0.00498264,0.00219215,0.0111,0.0425,0.0218,0.0003,0.0058,0.0018,0.000711777,0.00459255,0.00184258,0.009,0.0451,0.0186,0.00274983,0.0100706,0.0048801,0.00107182,0.00620643,0.00222072,9804,Gavi
1,AML,0.0008,0.0047,0.0021,0.00137774,0.00533042,0.00215884,0.0171,0.0471,0.0219,0.0005,0.0029,0.0016,0.000885481,0.00306393,0.00171637,0.0093,0.0302,0.0158,0.00287228,0.0102763,0.00462947,0.000891701,0.00519737,0.00189168,9804,Gavi
2,DMC,0.0,0.0044,0.0006,5.01479e-05,0.00359985,0.000667121,0.0016,0.0264,0.0103,0.0,0.0043,0.0006,5.91511e-05,0.00316187,0.000638905,0.0022,0.0281,0.0087,0.000954795,0.00813172,0.00319192,0.000889162,0.00658066,0.0025382,9804,Gavi
3,FWL,0.0012,0.0118,0.0031,0.00174245,0.01055,0.00292459,0.0188,0.0693,0.0268,0.0017,0.0044,0.002,0.00164754,0.00494143,0.00210375,0.0146,0.0312,0.0179,0.00449077,0.0149307,0.00586649,0.00165576,0.00585821,0.00232553,9804,Gavi
4,FWR,0.0021,0.0112,0.0031,0.00177455,0.00935705,0.00297569,0.0216,0.0562,0.0255,0.0014,0.0051,0.002,0.00193369,0.0056116,0.00206886,0.0187,0.0349,0.0179,0.00431047,0.015081,0.00580084,0.00185389,0.00589115,0.00232677,9804,Gavi
5,MC,0.0,0.0052,0.0009,3.3423e-05,0.00370003,0.000922265,0.0012,0.0354,0.0124,0.0,0.0072,0.001,5.26699e-05,0.00467557,0.000968308,0.0021,0.0377,0.0115,0.000853652,0.0121255,0.00367181,0.000641621,0.00805912,0.00256902,9804,Gavi
6,Sub,0.0008,0.016,0.0026,0.00121151,0.014437,0.00274433,0.0089,0.066,0.0249,0.0008,0.009,0.0017,0.000909816,0.00537747,0.00171517,0.0062,0.0369,0.0162,0.00378437,0.0160493,0.00590006,0.000342356,0.00815345,0.0027587,9804,Gavi
0,AMC,0.0003,0.0062,0.0023,0.000660038,0.00498264,0.00219215,0.0111,0.0425,0.0218,0.0003,0.0058,0.0018,0.000711777,0.00459255,0.00184258,0.009,0.0451,0.0186,0.00274983,0.0100706,0.0048801,0.00107182,0.00620643,0.00222072,314,Ilkay Gündogan
1,AML,0.0008,0.0047,0.0021,0.00137774,0.00533042,0.00215884,0.0171,0.0471,0.0219,0.0005,0.0029,0.0016,0.000885481,0.00306393,0.00171637,0.0093,0.0302,0.0158,0.00287228,0.0102763,0.00462947,0.000891701,0.00519737,0.00189168,314,Ilkay Gündogan
2,DMC,0.0,0.0044,0.0006,5.01479e-05,0.00359985,0.000667121,0.0016,0.0264,0.0103,0.0,0.0043,0.0006,5.91511e-05,0.00316187,0.000638905,0.0022,0.0281,0.0087,0.000954795,0.00813172,0.00319192,0.000889162,0.00658066,0.0025382,314,Ilkay Gündogan
3,MC,0.0,0.0052,0.0009,3.3423e-05,0.00370003,0.000922265,0.0012,0.0354,0.0124,0.0,0.0072,0.001,5.26699e-05,0.00467557,0.000968308,0.0021,0.0377,0.0115,0.000853652,0.0121255,0.00367181,0.000641621,0.00805912,0.00256902,314,Ilkay Gündogan
4,Sub,0.0008,0.016,0.0026,0.00121151,0.014437,0.00274433,0.0089,0.066,0.0249,0.0008,0.009,0.0017,0.000909816,0.00537747,0.00171517,0.0062,0.0369,0.0162,0.00378437,0.0160493,0.00590006,0.000342356,0.00815345,0.0027587,314,Ilkay Gündogan
0,AML,0.0008,0.0047,0.0021,0.00137774,0.00533042,0.00215884,0.0171,0.0471,0.0219,0.0005,0.0029,0.0016,0.000885481,0.00306393,0.00171637,0.0093,0.0302,0.0158,0.00287228,0.0102763,0.00462947,0.000891701,0.00519737,0.00189168,9805,Álex Balde
1,DL,0.0,0.0023,0.0003,7.53829e-06,0.00238029,0.000340915,0.0005,0.018,0.0058,0.0,0.0028,0.0008,0.000242894,0.00259094,0.000825722,0.0035,0.0199,0.0088,0.000958841,0.00892891,0.00278695,0.00080249,0.00705833,0.00216948,9805,Álex Balde
2,DML,0.0003,0.0021,0.0006,0.000322617,0.00166107,0.0006048,0.006,0.0235,0.0092,0.0006,0.0012,0.001,0.00082582,0.00156248,0.00107221,0.0094,0.0131,0.0114,0.0030986,0.00483007,0.0030295,0.00197377,0.00270857,0.00194038,9805,Álex Balde
3,DR,0.0,0.0017,0.0003,6.34242e-06,0.00172226,0.000337445,0.0002,0.0149,0.0052,0.0,0.0038,0.0008,0.000161894,0.00253973,0.000805779,0.0029,0.021,0.0082,0.00107244,0.00882197,0.00282332,0.000681187,0.0073707,0.00218809,9805,Álex Balde
4,FWL,0.0012,0.0118,0.0031,0.00174245,0.01055,0.00292459,0.0188,0.0693,0.0268,0.0017,0.0044,0.002,0.00164754,0.00494143,0.00210375,0.0146,0.0312,0.0179,0.00449077,0.0149307,0.00586649,0.00165576,0.00585821,0.00232553,9805,Álex Balde
5,ML,0.0003,0.0032,0.0015,0.000582739,0.00258697,0.00149701,0.0101,0.0261,0.0172,0.0003,0.0041,0.0015,0.000581581,0.00254577,0.00152095,0.009,0.022,0.0149,0.00241614,0.00668257,0.00377472,0.00098706,0.00359707,0.001802,9805,Álex Balde
6,Sub,0.0008,0.016,0.0026,0.00121151,0.014437,0.00274433,0.0089,0.066,0.0249,0.0008,0.009,0.0017,0.000909816,0.00537747,0.00171517,0.0062,0.0369,0.0162,0.00378437,0.0160493,0.00590006,0.000342356,0.00815345,0.0027587,9805,Álex Balde
0,AMC,0.0003,0.0062,0.0023,0.000660038,0.00498264,0.00219215,0.0111,0.0425,0.0218,0.0003,0.0058,0.0018,0.000711777,0.00459255,0.00184258,0.009,0.0451,0.0186,0.00274983,0.0100706,0.0048801,0.00107182,0.00620643,0.00222072,11822,Fermín López
1,FWL,0.0012,0.0118,0.0031,0.00174245,0.01055,0.00292459,0.0188,0.0693,0.0268,0.0017,0.0044,0.002,0.00164754,0.00494143,0.00210375,0.0146,0.0312,0.0179,0.00449077,0.0149307,0.00586649,0.00165576,0.00585821,0.00232553,11822,Fermín López
2,MC,0.0,0.0052,0.0009,3.3423e-05,0.00370003,0.000922265,0.0012,0.0354,0.0124,0.0,0.0072,0.001,5.26699e-05,0.00467557,0.000968308,0.0021,0.0377,0.0115,0.000853652,0.0121255,0.00367181,0.000641621,0.00805912,0.00256902,11822,Fermín López
3,Sub,0.0008,0.016,0.0026,0.00121151,0.014437,0.00274433,0.0089,0.066,0.0249,0.0008,0.009,0.0017,0.000909816,0.00537747,0.00171517,0.0062,0.0369,0.0162,0.00378437,0.0160493,0.00590006,0.000342356,0.00815345,0.0027587,11822,Fermín López
0,AMC,0.0003,0.0062,0.0023,0.000660038,0.00498264,0.00219215,0.0111,0.0425,0.0218,0.0003,0.0058,0.0018,0.000711777,0.00459255,0.00184258,0.009,0.0451,0.0186,0.00274983,0.0100706,0.0048801,0.00107182,0.00620643,0.00222072,7892,João Félix
1,AML,0.0008,0.0047,0.0021,0.00137774,0.00533042,0.00215884,0.0171,0.0471,0.0219,0.0005,0.0029,0.0016,0.000885481,0.00306393,0.00171637,0.0093,0.0302,0.0158,0.00287228,0.0102763,0.00462947,0.000891701,0.00519737,0.00189168,7892,João Félix
2,FW,0.0011,0.0126,0.0042,0.00172821,0.0120816,0.00415549,0.015,0.0737,0.028,0.0,0.0048,0.0014,0.000264191,0.00538174,0.00131568,0.0036,0.0309,0.012,0.00272705,0.0169137,0.00533791,0.000243189,0.00671256,0.00131848,7892,João Félix
3,FWL,0.0012,0.0118,0.0031,0.00174245,0.01055,0.00292459,0.0188,0.0693,0.0268,0.0017,0.0044,0.002,0.00164754,0.00494143,0.00210375,0.0146,0.0312,0.0179,0.00449077,0.0149307,0.00586649,0.00165576,0.00585821,0.00232553,7892,João Félix
4,FWR,0.0021,0.0112,0.0031,0.00177455,0.00935705,0.00297569,0.0216,0.0562,0.0255,0.0014,0.0051,0.002,0.00193369,0.0056116,0.00206886,0.0187,0.0349,0.0179,0.00431047,0.015081,0.00580084,0.00185389,0.00589115,0.00232677,7892,João Félix
5,ML,0.0003,0.0032,0.0015,0.000582739,0.00258697,0.00149701,0.0101,0.0261,0.0172,0.0003,0.0041,0.0015,0.000581581,0.00254577,0.00152095,0.009,0.022,0.0149,0.00241614,0.00668257,0.00377472,0.00098706,0.00359707,0.001802,7892,João Félix
6,MR,0.0007,0.0033,0.0014,0.000812305,0.00294841,0.00146385,0.0082,0.0262,0.0162,0.0006,0.0023,0.0015,0.00115283,0.00257078,0.0015276,0.0092,0.0195,0.0146,0.00267489,0.00524829,0.00383968,0.00103525,0.00300881,0.00180971,7892,João Félix
7,Sub,0.0008,0.016,0.0026,0.00121151,0.014437,0.00274433,0.0089,0.066,0.0249,0.0008,0.009,0.0017,0.000909816,0.00537747,0.00171517,0.0062,0.0369,0.0162,0.00378437,0.0160493,0.00590006,0.000342356,0.00815345,0.0027587,7892,João Félix
0,AMC,0.0003,0.0062,0.0023,0.000660038,0.00498264,0.00219215,0.0111,0.0425,0.0218,0.0003,0.0058,0.0018,0.000711777,0.00459255,0.00184258,0.009,0.0451,0.0186,0.00274983,0.0100706,0.0048801,0.00107182,0.00620643,0.00222072,6441,Ferrán Torres
1,AML,0.0008,0.0047,0.0021,0.00137774,0.00533042,0.00215884,0.0171,0.0471,0.0219,0.0005,0.0029,0.0016,0.000885481,0.00306393,0.00171637,0.0093,0.0302,0.0158,0.00287228,0.0102763,0.00462947,0.000891701,0.00519737,0.00189168,6441,Ferrán Torres
2,AMR,0.0007,0.0055,0.002,0.000999219,0.00449176,0.0019654,0.0123,0.0362,0.0201,0.0015,0.0045,0.0018,0.00142682,0.00444451,0.00181285,0.0121,0.0365,0.0165,0.00382839,0.0090587,0.00455367,0.00109596,0.00435623,0.00192537,6441,Ferrán Torres
3,FW,0.0011,0.0126,0.0042,0.00172821,0.0120816,0.00415549,0.015,0.0737,0.028,0.0,0.0048,0.0014,0.000264191,0.00538174,0.00131568,0.0036,0.0309,0.012,0.00272705,0.0169137,0.00533791,0.000243189,0.00671256,0.00131848,6441,Ferrán Torres
4,FWL,0.0012,0.0118,0.0031,0.00174245,0.01055,0.00292459,0.0188,0.0693,0.0268,0.0017,0.0044,0.002,0.00164754,0.00494143,0.00210375,0.0146,0.0312,0.0179,0.00449077,0.0149307,0.00586649,0.00165576,0.00585821,0.00232553,6441,Ferrán Torres
5,FWR,0.0021,0.0112,0.0031,0.00177455,0.00935705,0.00297569,0.0216,0.0562,0.0255,0.0014,0.0051,0.002,0.00193369,0.0056116,0.00206886,0.0187,0.0349,0.0179,0.00431047,0.015081,0.00580084,0.00185389,0.00589115,0.00232677,6441,Ferrán Torres
6,MC,0.0,0.0052,0.0009,3.3423e-05,0.00370003,0.000922265,0.0012,0.0354,0.0124,0.0,0.0072,0.001,5.26699e-05,0.00467557,0.000968308,0.0021,0.0377,0.0115,0.000853652,0.0121255,0.00367181,0.000641621,0.00805912,0.00256902,6441,Ferrán Torres
7,ML,0.0003,0.0032,0.0015,0.000582739,0.00258697,0.00149701,0.0101,0.0261,0.0172,0.0003,0.0041,0.0015,0.000581581,0.00254577,0.00152095,0.009,0.022,0.0149,0.00241614,0.00668257,0.00377472,0.00098706,0.00359707,0.001802,6441,Ferrán Torres
8,MR,0.0007,0.0033,0.0014,0.000812305,0.00294841,0.00146385,0.0082,0.0262,0.0162,0.0006,0.0023,0.0015,0.00115283,0.00257078,0.0015276,0.0092,0.0195,0.0146,0.00267489,0.00524829,0.00383968,0.00103525,0.00300881,0.00180971,6441,Ferrán Torres
9,Sub,0.0008,0.016,0.0026,0.00121151,0.014437,0.00274433,0.0089,0.066,0.0249,0.0008,0.009,0.0017,0.000909816,0.00537747,0.00171517,0.0062,0.0369,0.0162,0.00378437,0.0160493,0.00590006,0.000342356,0.00815345,0.0027587,6441,Ferrán Torres
0,AML,0.0008,0.0047,0.0021,0.00137774,0.00533042,0.00215884,0.0171,0.0471,0.0219,0.0005,0.0029,0.0016,0.000885481,0.00306393,0.00171637,0.0093,0.0302,0.0158,0.00287228,0.0102763,0.00462947,0.000891701,0.00519737,0.00189168,227,Robert Lewandowski
1,FW,0.0011,0.0126,0.0042,0.00172821,0.0120816,0.00415549,0.015,0.0737,0.028,0.0,0.0048,0.0014,0.000264191,0.00538174,0.00131568,0.0036,0.0309,0.012,0.00272705,0.0169137,0.00533791,0.000243189,0.00671256,0.00131848,227,Robert Lewandowski
2,FWL,0.0012,0.0118,0.0031,0.00174245,0.01055,0.00292459,0.0188,0.0693,0.0268,0.0017,0.0044,0.002,0.00164754,0.00494143,0.00210375,0.0146,0.0312,0.0179,0.00449077,0.0149307,0.00586649,0.00165576,0.00585821,0.00232553,227,Robert Lewandowski
3,Sub,0.0008,0.016,0.0026,0.00121151,0.014437,0.00274433,0.0089,0.066,0.0249,0.0008,0.009,0.0017,0.000909816,0.00537747,0.00171517,0.0062,0.0369,0.0162,0.00378437,0.0160493,0.00590006,0.000342356,0.00815345,0.0027587,227,Robert Lewandowski
0,DMC,0.0,0.0044,0.0006,5.01479e-05,0.00359985,0.000667121,0.0016,0.0264,0.0103,0.0,0.0043,0.0006,5.91511e-05,0.00316187,0.000638905,0.0022,0.0281,0.0087,0.000954795,0.00813172,0.00319192,0.000889162,0.00658066,0.0025382,842,Oriol Romeu
1,MC,0.0,0.0052,0.0009,3.3423e-05,0.00370003,0.000922265,0.0012,0.0354,0.0124,0.0,0.0072,0.001,5.26699e-05,0.00467557,0.000968308,0.0021,0.0377,0.0115,0.000853652,0.0121255,0.00367181,0.000641621,0.00805912,0.00256902,842,Oriol Romeu
2,Sub,0.0008,0.016,0.0026,0.00121151,0.014437,0.00274433,0.0089,0.066,0.0249,0.0008,0.009,0.0017,0.000909816,0.00537747,0.00171517,0.0062,0.0369,0.0162,0.00378437,0.0160493,0.00590006,0.000342356,0.00815345,0.0027587,842,Oriol Romeu
0,AML,0.0008,0.0047,0.0021,0.00137774,0.00533042,0.00215884,0.0171,0.0471,0.0219,0.0005,0.0029,0.0016,0.000885481,0.00306393,0.00171637,0.0093,0.0302,0.0158,0.00287228,0.0102763,0.00462947,0.000891701,0.00519737,0.00189168,8026,Raphinha
1,AMR,0.0007,0.0055,0.002,0.000999219,0.00449176,0.0019654,0.0123,0.0362,0.0201,0.0015,0.0045,0.0018,0.00142682,0.00444451,0.00181285,0.0121,0.0365,0.0165,0.00382839,0.0090587,0.00455367,0.00109596,0.00435623,0.00192537,8026,Raphinha
2,FW,0.0011,0.0126,0.0042,0.00172821,0.0120816,0.00415549,0.015,0.0737,0.028,0.0,0.0048,0.0014,0.000264191,0.00538174,0.00131568,0.0036,0.0309,0.012,0.00272705,0.0169137,0.00533791,0.000243189,0.00671256,0.00131848,8026,Raphinha
3,FWL,0.0012,0.0118,0.0031,0.00174245,0.01055,0.00292459,0.0188,0.0693,0.0268,0.0017,0.0044,0.002,0.00164754,0.00494143,0.00210375,0.0146,0.0312,0.0179,0.00449077,0.0149307,0.00586649,0.00165576,0.00585821,0.00232553,8026,Raphinha
4,FWR,0.0021,0.0112,0.0031,0.00177455,0.00935705,0.00297569,0.0216,0.0562,0.0255,0.0014,0.0051,0.002,0.00193369,0.0056116,0.00206886,0.0187,0.0349,0.0179,0.00431047,0.015081,0.00580084,0.00185389,0.00589115,0.00232677,8026,Raphinha
5,MC,0.0,0.0052,0.0009,3.3423e-05,0.00370003,0.000922265,0.0012,0.0354,0.0124,0.0,0.0072,0.001,5.26699e-05,0.00467557,0.000968308,0.0021,0.0377,0.0115,0.000853652,0.0121255,0.00367181,0.000641621,0.00805912,0.00256902,8026,Raphinha
6,ML,0.0003,0.0032,0.0015,0.000582739,0.00258697,0.00149701,0.0101,0.0261,0.0172,0.0003,0.0041,0.0015,0.000581581,0.00254577,0.00152095,0.009,0.022,0.0149,0.00241614,0.00668257,0.00377472,0.00098706,0.00359707,0.001802,8026,Raphinha
7,MR,0.0007,0.0033,0.0014,0.000812305,0.00294841,0.00146385,0.0082,0.0262,0.0162,0.0006,0.0023,0.0015,0.00115283,0.00257078,0.0015276,0.0092,0.0195,0.0146,0.00267489,0.00524829,0.00383968,0.00103525,0.00300881,0.00180971,8026,Raphinha
8,Sub,0.0008,0.016,0.0026,0.00121151,0.014437,0.00274433,0.0089,0.066,0.0249,0.0008,0.009,0.0017,0.000909816,0.00537747,0.00171517,0.0062,0.0369,0.0162,0.00378437,0.0160493,0.00590006,0.000342356,0.00815345,0.0027587,8026,Raphinha
0,AMR,0.0007,0.0055,0.002,0.000999219,0.00449176,0.0019654,0.0123,0.0362,0.0201,0.0015,0.0045,0.0018,0.00142682,0.00444451,0.00181285,0.0121,0.0365,0.0165,0.00382839,0.0090587,0.00455367,0.00109596,0.00435623,0.00192537,11527,Lamine Yamal
1,DMR,0.0006,0.0011,0.0007,0.00037338,0.000869948,0.000674014,0.0079,0.0156,0.0094,0.0006,0.0014,0.0011,0.000832283,0.00140012,0.00122871,0.0097,0.0117,0.0112,0.00235717,0.00402888,0.0032634,0.00145432,0.00255251,0.00202975,11527,Lamine Yamal
2,FWR,0.0021,0.0112,0.0031,0.00177455,0.00935705,0.00297569,0.0216,0.0562,0.0255,0.0014,0.0051,0.002,0.00193369,0.0056116,0.00206886,0.0187,0.0349,0.0179,0.00431047,0.015081,0.00580084,0.00185389,0.00589115,0.00232677,11527,Lamine Yamal
3,Sub,0.0008,0.016,0.0026,0.00121151,0.014437,0.00274433,0.0089,0.066,0.0249,0.0008,0.009,0.0017,0.000909816,0.00537747,0.00171517,0.0062,0.0369,0.0162,0.00378437,0.0160493,0.00590006,0.000342356,0.00815345,0.0027587,11527,Lamine Yamal
0,GK,0.0,0.0001,0.0,0.0,7.09163e-05,1.32919e-06,0.0,0.0003,0.0,0.0,0.0003,0.0,0.0,0.000231707,1.66266e-05,0.0,0.0014,0.0003,5.23905e-05,0.00306355,0.000855274,4.87134e-05,0.00306355,0.000841397,5061,Kepa
1,Sub,0.0008,0.016,0.0026,0.00121151,0.014437,0.00274433,0.0089,0.066,0.0249,0.0008,0.009,0.0017,0.000909816,0.00537747,0.00171517,0.0062,0.0369,0.0162,0.00378437,0.0160493,0.00590006,0.000342356,0.00815345,0.0027587,5061,Kepa
0,DL,0.0,0.0023,0.0003,7.53829e-06,0.00238029,0.000340915,0.0005,0.018,0.0058,0.0,0.0028,0.0008,0.000242894,0.00259094,0.000825722,0.0035,0.0199,0.0088,0.000958841,0.00892891,0.00278695,0.00080249,0.00705833,0.00216948,2260,Daniel Carvajal
1,DMR,0.0006,0.0011,0.0007,0.00037338,0.000869948,0.000674014,0.0079,0.0156,0.0094,0.0006,0.0014,0.0011,0.000832283,0.00140012,0.00122871,0.0097,0.0117,0.0112,0.00235717,0.00402888,0.0032634,0.00145432,0.00255251,0.00202975,2260,Daniel Carvajal
2,DR,0.0,0.0017,0.0003,6.34242e-06,0.00172226,0.000337445,0.0002,0.0149,0.0052,0.0,0.0038,0.0008,0.000161894,0.00253973,0.000805779,0.0029,0.021,0.0082,0.00107244,0.00882197,0.00282332,0.000681187,0.0073707,0.00218809,2260,Daniel Carvajal
3,Sub,0.0008,0.016,0.0026,0.00121151,0.014437,0.00274433,0.0089,0.066,0.0249,0.0008,0.009,0.0017,0.000909816,0.00537747,0.00171517,0.0062,0.0369,0.0162,0.00378437,0.0160493,0.00590006,0.000342356,0.00815345,0.0027587,2260,Daniel Carvajal
0,DC,0.0,0.0021,0.0005,2.78215e-05,0.00189159,0.000494142,0.0006,0.0171,0.005,0.0,0.0016,0.0002,1.82466e-05,0.00106864,0.000207481,0.0003,0.0089,0.0021,0.000434443,0.00684349,0.00188832,0.000379923,0.00669638,0.00177136,1822,Antonio Rüdiger
1,DL,0.0,0.0023,0.0003,7.53829e-06,0.00238029,0.000340915,0.0005,0.018,0.0058,0.0,0.0028,0.0008,0.000242894,0.00259094,0.000825722,0.0035,0.0199,0.0088,0.000958841,0.00892891,0.00278695,0.00080249,0.00705833,0.00216948,1822,Antonio Rüdiger
2,DR,0.0,0.0017,0.0003,6.34242e-06,0.00172226,0.000337445,0.0002,0.0149,0.0052,0.0,0.0038,0.0008,0.000161894,0.00253973,0.000805779,0.0029,0.021,0.0082,0.00107244,0.00882197,0.00282332,0.000681187,0.0073707,0.00218809,1822,Antonio Rüdiger
3,MR,0.0007,0.0033,0.0014,0.000812305,0.00294841,0.00146385,0.0082,0.0262,0.0162,0.0006,0.0023,0.0015,0.00115283,0.00257078,0.0015276,0.0092,0.0195,0.0146,0.00267489,0.00524829,0.00383968,0.00103525,0.00300881,0.00180971,1822,Antonio Rüdiger
4,Sub,0.0008,0.016,0.0026,0.00121151,0.014437,0.00274433,0.0089,0.066,0.0249,0.0008,0.009,0.0017,0.000909816,0.00537747,0.00171517,0.0062,0.0369,0.0162,0.00378437,0.0160493,0.00590006,0.000342356,0.00815345,0.0027587,1822,Antonio Rüdiger
0,DC,0.0,0.0021,0.0005,2.78215e-05,0.00189159,0.000494142,0.0006,0.0171,0.005,0.0,0.0016,0.0002,1.82466e-05,0.00106864,0.000207481,0.0003,0.0089,0.0021,0.000434443,0.00684349,0.00188832,0.000379923,0.00669638,0.00177136,391,David Alaba
1,DL,0.0,0.0023,0.0003,7.53829e-06,0.00238029,0.000340915,0.0005,0.018,0.0058,0.0,0.0028,0.0008,0.000242894,0.00259094,0.000825722,0.0035,0.0199,0.0088,0.000958841,0.00892891,0.00278695,0.00080249,0.00705833,0.00216948,391,David Alaba
2,DMC,0.0,0.0044,0.0006,5.01479e-05,0.00359985,0.000667121,0.0016,0.0264,0.0103,0.0,0.0043,0.0006,5.91511e-05,0.00316187,0.000638905,0.0022,0.0281,0.0087,0.000954795,0.00813172,0.00319192,0.000889162,0.00658066,0.0025382,391,David Alaba
3,MC,0.0,0.0052,0.0009,3.3423e-05,0.00370003,0.000922265,0.0012,0.0354,0.0124,0.0,0.0072,0.001,5.26699e-05,0.00467557,0.000968308,0.0021,0.0377,0.0115,0.000853652,0.0121255,0.00367181,0.000641621,0.00805912,0.00256902,391,David Alaba
4,Sub,0.0008,0.016,0.0026,0.00121151,0.014437,0.00274433,0.0089,0.066,0.0249,0.0008,0.009,0.0017,0.000909816,0.00537747,0.00171517,0.0062,0.0369,0.0162,0.00378437,0.0160493,0.00590006,0.000342356,0.00815345,0.0027587,391,David Alaba
0,DC,0.0,0.0021,0.0005,2.78215e-05,0.00189159,0.000494142,0.0006,0.0171,0.005,0.0,0.0016,0.0002,1.82466e-05,0.00106864,0.000207481,0.0003,0.0089,0.0021,0.000434443,0.00684349,0.00188832,0.000379923,0.00669638,0.00177136,6233,Ferland Mendy
1,DL,0.0,0.0023,0.0003,7.53829e-06,0.00238029,0.000340915,0.0005,0.018,0.0058,0.0,0.0028,0.0008,0.000242894,0.00259094,0.000825722,0.0035,0.0199,0.0088,0.000958841,0.00892891,0.00278695,0.00080249,0.00705833,0.00216948,6233,Ferland Mendy
2,DML,0.0003,0.0021,0.0006,0.000322617,0.00166107,0.0006048,0.006,0.0235,0.0092,0.0006,0.0012,0.001,0.00082582,0.00156248,0.00107221,0.0094,0.0131,0.0114,0.0030986,0.00483007,0.0030295,0.00197377,0.00270857,0.00194038,6233,Ferland Mendy
3,DR,0.0,0.0017,0.0003,6.34242e-06,0.00172226,0.000337445,0.0002,0.0149,0.0052,0.0,0.0038,0.0008,0.000161894,0.00253973,0.000805779,0.0029,0.021,0.0082,0.00107244,0.00882197,0.00282332,0.000681187,0.0073707,0.00218809,6233,Ferland Mendy
4,ML,0.0003,0.0032,0.0015,0.000582739,0.00258697,0.00149701,0.0101,0.0261,0.0172,0.0003,0.0041,0.0015,0.000581581,0.00254577,0.00152095,0.009,0.022,0.0149,0.00241614,0.00668257,0.00377472,0.00098706,0.00359707,0.001802,6233,Ferland Mendy
5,Sub,0.0008,0.016,0.0026,0.00121151,0.014437,0.00274433,0.0089,0.066,0.0249,0.0008,0.009,0.0017,0.000909816,0.00537747,0.00171517,0.0062,0.0369,0.0162,0.00378437,0.0160493,0.00590006,0.000342356,0.00815345,0.0027587,6233,Ferland Mendy
0,DC,0.0,0.0021,0.0005,2.78215e-05,0.00189159,0.000494142,0.0006,0.0171,0.005,0.0,0.0016,0.0002,1.82466e-05,0.00106864,0.000207481,0.0003,0.0089,0.0021,0.000434443,0.00684349,0.00188832,0.000379923,0.00669638,0.00177136,6560,Aurelien Tchouameni
1,DMC,0.0,0.0044,0.0006,5.01479e-05,0.00359985,0.000667121,0.0016,0.0264,0.0103,0.0,0.0043,0.0006,5.91511e-05,0.00316187,0.000638905,0.0022,0.0281,0.0087,0.000954795,0.00813172,0.00319192,0.000889162,0.00658066,0.0025382,6560,Aurelien Tchouameni
2,MC,0.0,0.0052,0.0009,3.3423e-05,0.00370003,0.000922265,0.0012,0.0354,0.0124,0.0,0.0072,0.001,5.26699e-05,0.00467557,0.000968308,0.0021,0.0377,0.0115,0.000853652,0.0121255,0.00367181,0.000641621,0.00805912,0.00256902,6560,Aurelien Tchouameni
3,Sub,0.0008,0.016,0.0026,0.00121151,0.014437,0.00274433,0.0089,0.066,0.0249,0.0008,0.009,0.0017,0.000909816,0.00537747,0.00171517,0.0062,0.0369,0.0162,0.00378437,0.0160493,0.00590006,0.000342356,0.00815345,0.0027587,6560,Aurelien Tchouameni
0,AMC,0.0003,0.0062,0.0023,0.000660038,0.00498264,0.00219215,0.0111,0.0425,0.0218,0.0003,0.0058,0.0018,0.000711777,0.00459255,0.00184258,0.009,0.0451,0.0186,0.00274983,0.0100706,0.0048801,0.00107182,0.00620643,0.00222072,8824,Jude Bellingham
1,AML,0.0008,0.0047,0.0021,0.00137774,0.00533042,0.00215884,0.0171,0.0471,0.0219,0.0005,0.0029,0.0016,0.000885481,0.00306393,0.00171637,0.0093,0.0302,0.0158,0.00287228,0.0102763,0.00462947,0.000891701,0.00519737,0.00189168,8824,Jude Bellingham
2,AMR,0.0007,0.0055,0.002,0.000999219,0.00449176,0.0019654,0.0123,0.0362,0.0201,0.0015,0.0045,0.0018,0.00142682,0.00444451,0.00181285,0.0121,0.0365,0.0165,0.00382839,0.0090587,0.00455367,0.00109596,0.00435623,0.00192537,8824,Jude Bellingham
3,DMC,0.0,0.0044,0.0006,5.01479e-05,0.00359985,0.000667121,0.0016,0.0264,0.0103,0.0,0.0043,0.0006,5.91511e-05,0.00316187,0.000638905,0.0022,0.0281,0.0087,0.000954795,0.00813172,0.00319192,0.000889162,0.00658066,0.0025382,8824,Jude Bellingham
4,FW,0.0011,0.0126,0.0042,0.00172821,0.0120816,0.00415549,0.015,0.0737,0.028,0.0,0.0048,0.0014,0.000264191,0.00538174,0.00131568,0.0036,0.0309,0.012,0.00272705,0.0169137,0.00533791,0.000243189,0.00671256,0.00131848,8824,Jude Bellingham
5,MC,0.0,0.0052,0.0009,3.3423e-05,0.00370003,0.000922265,0.0012,0.0354,0.0124,0.0,0.0072,0.001,5.26699e-05,0.00467557,0.000968308,0.0021,0.0377,0.0115,0.000853652,0.0121255,0.00367181,0.000641621,0.00805912,0.00256902,8824,Jude Bellingham
6,ML,0.0003,0.0032,0.0015,0.000582739,0.00258697,0.00149701,0.0101,0.0261,0.0172,0.0003,0.0041,0.0015,0.000581581,0.00254577,0.00152095,0.009,0.022,0.0149,0.00241614,0.00668257,0.00377472,0.00098706,0.00359707,0.001802,8824,Jude Bellingham
7,Sub,0.0008,0.016,0.0026,0.00121151,0.014437,0.00274433,0.0089,0.066,0.0249,0.0008,0.009,0.0017,0.000909816,0.00537747,0.00171517,0.0062,0.0369,0.0162,0.00378437,0.0160493,0.00590006,0.000342356,0.00815345,0.0027587,8824,Jude Bellingham
0,DMC,0.0,0.0044,0.0006,5.01479e-05,0.00359985,0.000667121,0.0016,0.0264,0.0103,0.0,0.0043,0.0006,5.91511e-05,0.00316187,0.000638905,0.0022,0.0281,0.0087,0.000954795,0.00813172,0.00319192,0.000889162,0.00658066,0.0025382,2369,Toni Kroos
1,MC,0.0,0.0052,0.0009,3.3423e-05,0.00370003,0.000922265,0.0012,0.0354,0.0124,0.0,0.0072,0.001,5.26699e-05,0.00467557,0.000968308,0.0021,0.0377,0.0115,0.000853652,0.0121255,0.00367181,0.000641621,0.00805912,0.00256902,2369,Toni Kroos
2,Sub,0.0008,0.016,0.0026,0.00121151,0.014437,0.00274433,0.0089,0.066,0.0249,0.0008,0.009,0.0017,0.000909816,0.00537747,0.00171517,0.0062,0.0369,0.0162,0.00378437,0.0160493,0.00590006,0.000342356,0.00815345,0.0027587,2369,Toni Kroos
0,AMC,0.0003,0.0062,0.0023,0.000660038,0.00498264,0.00219215,0.0111,0.0425,0.0218,0.0003,0.0058,0.0018,0.000711777,0.00459255,0.00184258,0.009,0.0451,0.0186,0.00274983,0.0100706,0.0048801,0.00107182,0.00620643,0.00222072,6241,Federico Valverde
1,AML,0.0008,0.0047,0.0021,0.00137774,0.00533042,0.00215884,0.0171,0.0471,0.0219,0.0005,0.0029,0.0016,0.000885481,0.00306393,0.00171637,0.0093,0.0302,0.0158,0.00287228,0.0102763,0.00462947,0.000891701,0.00519737,0.00189168,6241,Federico Valverde
2,AMR,0.0007,0.0055,0.002,0.000999219,0.00449176,0.0019654,0.0123,0.0362,0.0201,0.0015,0.0045,0.0018,0.00142682,0.00444451,0.00181285,0.0121,0.0365,0.0165,0.00382839,0.0090587,0.00455367,0.00109596,0.00435623,0.00192537,6241,Federico Valverde
3,DMC,0.0,0.0044,0.0006,5.01479e-05,0.00359985,0.000667121,0.0016,0.0264,0.0103,0.0,0.0043,0.0006,5.91511e-05,0.00316187,0.000638905,0.0022,0.0281,0.0087,0.000954795,0.00813172,0.00319192,0.000889162,0.00658066,0.0025382,6241,Federico Valverde
4,DR,0.0,0.0017,0.0003,6.34242e-06,0.00172226,0.000337445,0.0002,0.0149,0.0052,0.0,0.0038,0.0008,0.000161894,0.00253973,0.000805779,0.0029,0.021,0.0082,0.00107244,0.00882197,0.00282332,0.000681187,0.0073707,0.00218809,6241,Federico Valverde
5,FWR,0.0021,0.0112,0.0031,0.00177455,0.00935705,0.00297569,0.0216,0.0562,0.0255,0.0014,0.0051,0.002,0.00193369,0.0056116,0.00206886,0.0187,0.0349,0.0179,0.00431047,0.015081,0.00580084,0.00185389,0.00589115,0.00232677,6241,Federico Valverde
6,MC,0.0,0.0052,0.0009,3.3423e-05,0.00370003,0.000922265,0.0012,0.0354,0.0124,0.0,0.0072,0.001,5.26699e-05,0.00467557,0.000968308,0.0021,0.0377,0.0115,0.000853652,0.0121255,0.00367181,0.000641621,0.00805912,0.00256902,6241,Federico Valverde
7,ML,0.0003,0.0032,0.0015,0.000582739,0.00258697,0.00149701,0.0101,0.0261,0.0172,0.0003,0.0041,0.0015,0.000581581,0.00254577,0.00152095,0.009,0.022,0.0149,0.00241614,0.00668257,0.00377472,0.00098706,0.00359707,0.001802,6241,Federico Valverde
8,MR,0.0007,0.0033,0.0014,0.000812305,0.00294841,0.00146385,0.0082,0.0262,0.0162,0.0006,0.0023,0.0015,0.00115283,0.00257078,0.0015276,0.0092,0.0195,0.0146,0.00267489,0.00524829,0.00383968,0.00103525,0.00300881,0.00180971,6241,Federico Valverde
9,Sub,0.0008,0.016,0.0026,0.00121151,0.014437,0.00274433,0.0089,0.066,0.0249,0.0008,0.009,0.0017,0.000909816,0.00537747,0.00171517,0.0062,0.0369,0.0162,0.00378437,0.0160493,0.00590006,0.000342356,0.00815345,0.0027587,6241,Federico Valverde
0,AMC,0.0003,0.0062,0.0023,0.000660038,0.00498264,0.00219215,0.0111,0.0425,0.0218,0.0003,0.0058,0.0018,0.000711777,0.00459255,0.00184258,0.009,0.0451,0.0186,0.00274983,0.0100706,0.0048801,0.00107182,0.00620643,0.00222072,7008,Vinícius Júnior
1,AML,0.0008,0.0047,0.0021,0.00137774,0.00533042,0.00215884,0.0171,0.0471,0.0219,0.0005,0.0029,0.0016,0.000885481,0.00306393,0.00171637,0.0093,0.0302,0.0158,0.00287228,0.0102763,0.00462947,0.000891701,0.00519737,0.00189168,7008,Vinícius Júnior
2,FW,0.0011,0.0126,0.0042,0.00172821,0.0120816,0.00415549,0.015,0.0737,0.028,0.0,0.0048,0.0014,0.000264191,0.00538174,0.00131568,0.0036,0.0309,0.012,0.00272705,0.0169137,0.00533791,0.000243189,0.00671256,0.00131848,7008,Vinícius Júnior
3,FWL,0.0012,0.0118,0.0031,0.00174245,0.01055,0.00292459,0.0188,0.0693,0.0268,0.0017,0.0044,0.002,0.00164754,0.00494143,0.00210375,0.0146,0.0312,0.0179,0.00449077,0.0149307,0.00586649,0.00165576,0.00585821,0.00232553,7008,Vinícius Júnior
4,ML,0.0003,0.0032,0.0015,0.000582739,0.00258697,0.00149701,0.0101,0.0261,0.0172,0.0003,0.0041,0.0015,0.000581581,0.00254577,0.00152095,0.009,0.022,0.0149,0.00241614,0.00668257,0.00377472,0.00098706,0.00359707,0.001802,7008,Vinícius Júnior
5,Sub,0.0008,0.016,0.0026,0.00121151,0.014437,0.00274433,0.0089,0.066,0.0249,0.0008,0.009,0.0017,0.000909816,0.00537747,0.00171517,0.0062,0.0369,0.0162,0.00378437,0.0160493,0.00590006,0.000342356,0.00815345,0.0027587,7008,Vinícius Júnior
0,AMC,0.0003,0.0062,0.0023,0.000660038,0.00498264,0.00219215,0.0111,0.0425,0.0218,0.0003,0.0058,0.0018,0.000711777,0.00459255,0.00184258,0.009,0.0451,0.0186,0.00274983,0.0100706,0.0048801,0.00107182,0.00620643,0.00222072,8015,Rodrygo
1,AMR,0.0007,0.0055,0.002,0.000999219,0.00449176,0.0019654,0.0123,0.0362,0.0201,0.0015,0.0045,0.0018,0.00142682,0.00444451,0.00181285,0.0121,0.0365,0.0165,0.00382839,0.0090587,0.00455367,0.00109596,0.00435623,0.00192537,8015,Rodrygo
2,FW,0.0011,0.0126,0.0042,0.00172821,0.0120816,0.00415549,0.015,0.0737,0.028,0.0,0.0048,0.0014,0.000264191,0.00538174,0.00131568,0.0036,0.0309,0.012,0.00272705,0.0169137,0.00533791,0.000243189,0.00671256,0.00131848,8015,Rodrygo
3,FWL,0.0012,0.0118,0.0031,0.00174245,0.01055,0.00292459,0.0188,0.0693,0.0268,0.0017,0.0044,0.002,0.00164754,0.00494143,0.00210375,0.0146,0.0312,0.0179,0.00449077,0.0149307,0.00586649,0.00165576,0.00585821,0.00232553,8015,Rodrygo
4,FWR,0.0021,0.0112,0.0031,0.00177455,0.00935705,0.00297569,0.0216,0.0562,0.0255,0.0014,0.0051,0.002,0.00193369,0.0056116,0.00206886,0.0187,0.0349,0.0179,0.00431047,0.015081,0.00580084,0.00185389,0.00589115,0.00232677,8015,Rodrygo
5,ML,0.0003,0.0032,0.0015,0.000582739,0.00258697,0.00149701,0.0101,0.0261,0.0172,0.0003,0.0041,0.0015,0.000581581,0.00254577,0.00152095,0.009,0.022,0.0149,0.00241614,0.00668257,0.00377472,0.00098706,0.00359707,0.001802,8015,Rodrygo
6,Sub,0.0008,0.016,0.0026,0.00121151,0.014437,0.00274433,0.0089,0.066,0.0249,0.0008,0.009,0.0017,0.000909816,0.00537747,0.00171517,0.0062,0.0369,0.0162,0.00378437,0.0160493,0.00590006,0.000342356,0.00815345,0.0027587,8015,Rodrygo
0,AMC,0.0003,0.0062,0.0023,0.000660038,0.00498264,0.00219215,0.0111,0.0425,0.0218,0.0003,0.0058,0.0018,0.000711777,0.00459255,0.00184258,0.009,0.0451,0.0186,0.00274983,0.0100706,0.0048801,0.00107182,0.00620643,0.00222072,2250,Luka Modric
1,DMC,0.0,0.0044,0.0006,5.01479e-05,0.00359985,0.000667121,0.0016,0.0264,0.0103,0.0,0.0043,0.0006,5.91511e-05,0.00316187,0.000638905,0.0022,0.0281,0.0087,0.000954795,0.00813172,0.00319192,0.000889162,0.00658066,0.0025382,2250,Luka Modric
2,MC,0.0,0.0052,0.0009,3.3423e-05,0.00370003,0.000922265,0.0012,0.0354,0.0124,0.0,0.0072,0.001,5.26699e-05,0.00467557,0.000968308,0.0021,0.0377,0.0115,0.000853652,0.0121255,0.00367181,0.000641621,0.00805912,0.00256902,2250,Luka Modric
3,Sub,0.0008,0.016,0.0026,0.00121151,0.014437,0.00274433,0.0089,0.066,0.0249,0.0008,0.009,0.0017,0.000909816,0.00537747,0.00171517,0.0062,0.0369,0.0162,0.00378437,0.0160493,0.00590006,0.000342356,0.00815345,0.0027587,2250,Luka Modric
0,AMR,0.0007,0.0055,0.002,0.000999219,0.00449176,0.0019654,0.0123,0.0362,0.0201,0.0015,0.0045,0.0018,0.00142682,0.00444451,0.00181285,0.0121,0.0365,0.0165,0.00382839,0.0090587,0.00455367,0.00109596,0.00435623,0.00192537,2253,Lucas Vázquez
1,DL,0.0,0.0023,0.0003,7.53829e-06,0.00238029,0.000340915,0.0005,0.018,0.0058,0.0,0.0028,0.0008,0.000242894,0.00259094,0.000825722,0.0035,0.0199,0.0088,0.000958841,0.00892891,0.00278695,0.00080249,0.00705833,0.00216948,2253,Lucas Vázquez
2,DMR,0.0006,0.0011,0.0007,0.00037338,0.000869948,0.000674014,0.0079,0.0156,0.0094,0.0006,0.0014,0.0011,0.000832283,0.00140012,0.00122871,0.0097,0.0117,0.0112,0.00235717,0.00402888,0.0032634,0.00145432,0.00255251,0.00202975,2253,Lucas Vázquez
3,DR,0.0,0.0017,0.0003,6.34242e-06,0.00172226,0.000337445,0.0002,0.0149,0.0052,0.0,0.0038,0.0008,0.000161894,0.00253973,0.000805779,0.0029,0.021,0.0082,0.00107244,0.00882197,0.00282332,0.000681187,0.0073707,0.00218809,2253,Lucas Vázquez
4,FWL,0.0012,0.0118,0.0031,0.00174245,0.01055,0.00292459,0.0188,0.0693,0.0268,0.0017,0.0044,0.002,0.00164754,0.00494143,0.00210375,0.0146,0.0312,0.0179,0.00449077,0.0149307,0.00586649,0.00165576,0.00585821,0.00232553,2253,Lucas Vázquez
5,FWR,0.0021,0.0112,0.0031,0.00177455,0.00935705,0.00297569,0.0216,0.0562,0.0255,0.0014,0.0051,0.002,0.00193369,0.0056116,0.00206886,0.0187,0.0349,0.0179,0.00431047,0.015081,0.00580084,0.00185389,0.00589115,0.00232677,2253,Lucas Vázquez
6,MC,0.0,0.0052,0.0009,3.3423e-05,0.00370003,0.000922265,0.0012,0.0354,0.0124,0.0,0.0072,0.001,5.26699e-05,0.00467557,0.000968308,0.0021,0.0377,0.0115,0.000853652,0.0121255,0.00367181,0.000641621,0.00805912,0.00256902,2253,Lucas Vázquez
7,ML,0.0003,0.0032,0.0015,0.000582739,0.00258697,0.00149701,0.0101,0.0261,0.0172,0.0003,0.0041,0.0015,0.000581581,0.00254577,0.00152095,0.009,0.022,0.0149,0.00241614,0.00668257,0.00377472,0.00098706,0.00359707,0.001802,2253,Lucas Vázquez
8,MR,0.0007,0.0033,0.0014,0.000812305,0.00294841,0.00146385,0.0082,0.0262,0.0162,0.0006,0.0023,0.0015,0.00115283,0.00257078,0.0015276,0.0092,0.0195,0.0146,0.00267489,0.00524829,0.00383968,0.00103525,0.00300881,0.00180971,2253,Lucas Vázquez
9,Sub,0.0008,0.016,0.0026,0.00121151,0.014437,0.00274433,0.0089,0.066,0.0249,0.0008,0.009,0.0017,0.000909816,0.00537747,0.00171517,0.0062,0.0369,0.0162,0.00378437,0.0160493,0.00590006,0.000342356,0.00815345,0.0027587,2253,Lucas Vázquez
0,DL,0.0,0.0023,0.0003,7.53829e-06,0.00238029,0.000340915,0.0005,0.018,0.0058,0.0,0.0028,0.0008,0.000242894,0.00259094,0.000825722,0.0035,0.0199,0.0088,0.000958841,0.00892891,0.00278695,0.00080249,0.00705833,0.00216948,7359,Eduardo Camavinga
1,DMC,0.0,0.0044,0.0006,5.01479e-05,0.00359985,0.000667121,0.0016,0.0264,0.0103,0.0,0.0043,0.0006,5.91511e-05,0.00316187,0.000638905,0.0022,0.0281,0.0087,0.000954795,0.00813172,0.00319192,0.000889162,0.00658066,0.0025382,7359,Eduardo Camavinga
2,MC,0.0,0.0052,0.0009,3.3423e-05,0.00370003,0.000922265,0.0012,0.0354,0.0124,0.0,0.0072,0.001,5.26699e-05,0.00467557,0.000968308,0.0021,0.0377,0.0115,0.000853652,0.0121255,0.00367181,0.000641621,0.00805912,0.00256902,7359,Eduardo Camavinga
3,Sub,0.0008,0.016,0.0026,0.00121151,0.014437,0.00274433,0.0089,0.066,0.0249,0.0008,0.009,0.0017,0.000909816,0.00537747,0.00171517,0.0062,0.0369,0.0162,0.00378437,0.0160493,0.00590006,0.000342356,0.00815345,0.0027587,7359,Eduardo Camavinga
0,AMC,0.0003,0.0062,0.0023,0.000660038,0.00498264,0.00219215,0.0111,0.0425,0.0218,0.0003,0.0058,0.0018,0.000711777,0.00459255,0.00184258,0.009,0.0451,0.0186,0.00274983,0.0100706,0.0048801,0.00107182,0.00620643,0.00222072,866,Joselu
1,FW,0.0011,0.0126,0.0042,0.00172821,0.0120816,0.00415549,0.015,0.0737,0.028,0.0,0.0048,0.0014,0.000264191,0.00538174,0.00131568,0.0036,0.0309,0.012,0.00272705,0.0169137,0.00533791,0.000243189,0.00671256,0.00131848,866,Joselu
2,Sub,0.0008,0.016,0.0026,0.00121151,0.014437,0.00274433,0.0089,0.066,0.0249,0.0008,0.009,0.0017,0.000909816,0.00537747,0.00171517,0.0062,0.0369,0.0162,0.00378437,0.0160493,0.00590006,0.000342356,0.00815345,0.0027587,866,Joselu
